399,7;0,0%
400,2;-1,2%
400,6;-1,0%
401,1;-0,8%
401,6;-0,7%
402,1;-0,7%
402,6;-0,6%
403,0;-0,6%
403,5;-0,6%
404,0;-0,6%
404,5;-0,6%
405,0;-0,6%
405,5;-0,6%
405,9;-0,7%
406,4;-0,7%
406,9;-0,8%
407,4;-0,8%
407,9;-0,9%
408,4;-0,9%
408,8;-0,9%
409,3;-1,0%
409,8;-1,0%
410,3;-1,0%
410,8;-1,0%
411,2;-0,9%
411,7;-0,9%
412,2;-0,8%
412,7;-0,8%
413,2;-0,7%
413,7;-0,7%
414,1;-0,7%
414,6;-0,7%
415,1;-0,7%
415,6;-0,7%
416,1;-0,8%
416,5;-0,8%
417,0;-0,9%
417,5;-0,9%
418,0;-0,9%
418,5;-0,9%
419,0;-0,8%
419,4;-0,7%
419,9;-0,6%
420,4;-0,5%
420,9;-0,5%
421,4;-0,5%
421,9;-0,4%
422,3;-0,4%
422,8;-0,4%
423,3;-0,5%
423,8;-0,5%
424,3;-0,5%
424,7;-0,6%
425,2;-0,6%
425,7;-0,6%
426,2;-0,6%
426,7;-0,6%
427,2;-0,6%
427,6;-0,7%
428,1;-0,7%
428,6;-0,7%
429,1;-0,8%
429,6;-0,8%
430,0;-0,8%
430,5;-0,8%
431,0;-0,8%
431,5;-0,8%
432,0;-0,8%
432,5;-0,8%
432,9;-0,8%
433,4;-0,7%
433,9;-0,7%
434,4;-0,7%
434,9;-0,6%
435,4;-0,6%
435,8;-0,6%
436,3;-0,6%
436,8;-0,6%
437,3;-0,6%
437,8;-0,6%
438,2;-0,6%
438,7;-0,6%
439,2;-0,7%
439,7;-0,7%
440,2;-0,7%
440,7;-0,7%
441,1;-0,8%
441,6;-0,8%
442,1;-0,8%
442,6;-0,9%
443,1;-0,9%
443,5;-0,9%
444,0;-0,9%
444,5;-0,8%
445,0;-0,8%
445,5;-0,8%
446,0;-0,7%
446,4;-0,7%
446,9;-0,7%
447,4;-0,7%
447,9;-0,7%
448,4;-0,7%
448,9;-0,7%
449,3;-0,6%
449,8;-0,6%
450,3;-0,6%
450,8;-0,6%
451,3;-0,7%
451,7;-0,7%
452,2;-0,7%
452,7;-0,7%
453,2;-0,7%
453,7;-0,7%
454,2;-0,7%
454,6;-0,7%
455,1;-0,7%
455,6;-0,7%
456,1;-0,7%
456,6;-0,7%
457,0;-0,6%
457,5;-0,6%
458,0;-0,6%
458,5;-0,5%
459,0;-0,5%
459,5;-0,5%
459,9;-0,4%
460,4;-0,4%
460,9;-0,4%
461,4;-0,4%
461,9;-0,4%
462,3;-0,4%
462,8;-0,4%
463,3;-0,4%
463,8;-0,5%
464,3;-0,5%
464,8;-0,5%
465,2;-0,6%
465,7;-0,6%
466,2;-0,6%
466,7;-0,5%
467,2;-0,5%
467,7;-0,5%
468,1;-0,5%
468,6;-0,5%
469,1;-0,5%
469,6;-0,5%
470,1;-0,5%
470,5;-0,5%
471,0;-0,5%
471,5;-0,6%
472,0;-0,6%
472,5;-0,6%
473,0;-0,6%
473,4;-0,5%
473,9;-0,5%
474,4;-0,5%
474,9;-0,5%
475,4;-0,5%
475,8;-0,5%
476,3;-0,5%
476,8;-0,5%
477,3;-0,5%
477,8;-0,5%
478,3;-0,5%
478,7;-0,6%
479,2;-0,6%
479,7;-0,6%
480,2;-0,6%
480,7;-0,6%
481,2;-0,6%
481,6;-0,6%
482,1;-0,6%
482,6;-0,7%
483,1;-0,7%
483,6;-0,7%
484,0;-0,7%
484,5;-0,7%
485,0;-0,7%
485,5;-0,7%
486,0;-0,7%
486,5;-0,7%
486,9;-0,7%
487,4;-0,7%
487,9;-0,7%
488,4;-0,7%
488,9;-0,7%
489,3;-0,7%
489,8;-0,7%
490,3;-0,7%
490,8;-0,7%
491,3;-0,7%
491,8;-0,7%
492,2;-0,7%
492,7;-0,7%
493,2;-0,7%
493,7;-0,6%
494,2;-0,6%
494,7;-0,6%
495,1;-0,6%
495,6;-0,6%
496,1;-0,6%
496,6;-0,7%
497,1;-0,7%
497,5;-0,7%
498,0;-0,7%
498,5;-0,7%
499,0;-0,7%
499,5;-0,7%
500,0;-0,7%
500,4;-0,7%
500,9;-0,7%
501,4;-0,6%
501,9;-0,6%
502,4;-0,6%
502,8;-0,6%
503,3;-0,6%
503,8;-0,6%
504,3;-0,6%
504,8;-0,6%
505,3;-0,6%
505,7;-0,6%
506,2;-0,6%
506,7;-0,6%
507,2;-0,6%
507,7;-0,6%
508,2;-0,6%
508,6;-0,6%
509,1;-0,6%
509,6;-0,6%
510,1;-0,6%
510,6;-0,6%
511,0;-0,6%
511,5;-0,6%
512,0;-0,6%
512,5;-0,6%
513,0;-0,6%
513,5;-0,6%
513,9;-0,6%
514,4;-0,6%
514,9;-0,6%
515,4;-0,6%
515,9;-0,6%
516,3;-0,6%
516,8;-0,6%
517,3;-0,6%
517,8;-0,6%
518,3;-0,6%
518,8;-0,6%
519,2;-0,6%
519,7;-0,6%
520,2;-0,6%
520,7;-0,6%
521,2;-0,6%
521,7;-0,6%
522,1;-0,6%
522,6;-0,6%
523,1;-0,6%
523,6;-0,6%
524,1;-0,6%
524,5;-0,6%
525,0;-0,6%
525,5;-0,6%
526,0;-0,6%
526,5;-0,6%
527,0;-0,6%
527,4;-0,6%
527,9;-0,6%
528,4;-0,6%
528,9;-0,6%
529,4;-0,6%
529,8;-0,6%
530,3;-0,6%
530,8;-0,6%
531,3;-0,6%
531,8;-0,6%
532,3;-0,6%
532,7;-0,6%
533,2;-0,6%
533,7;-0,6%
534,2;-0,6%
534,7;-0,6%
535,1;-0,6%
535,6;-0,6%
536,1;-0,5%
536,6;-0,5%
537,1;-0,5%
537,6;-0,5%
538,0;-0,5%
538,5;-0,5%
539,0;-0,5%
539,5;-0,5%
540,0;-0,5%
540,5;-0,5%
540,9;-0,5%
541,4;-0,5%
541,9;-0,5%
542,4;-0,5%
542,9;-0,5%
543,3;-0,6%
543,8;-0,6%
544,3;-0,6%
544,8;-0,6%
545,3;-0,6%
545,8;-0,6%
546,2;-0,6%
546,7;-0,6%
547,2;-0,6%
547,7;-0,6%
548,2;-0,6%
548,6;-0,6%
549,1;-0,6%
549,6;-0,6%
550,1;-0,6%
550,6;-0,6%
551,1;-0,6%
551,5;-0,6%
552,0;-0,6%
552,5;-0,6%
553,0;-0,6%
553,5;-0,6%
554,0;-0,6%
554,4;-0,6%
554,9;-0,6%
555,4;-0,6%
555,9;-0,6%
556,4;-0,6%
556,8;-0,6%
557,3;-0,6%
557,8;-0,6%
558,3;-0,6%
558,8;-0,6%
559,3;-0,6%
559,7;-0,6%
560,2;-0,6%
560,7;-0,6%
561,2;-0,6%
561,7;-0,6%
562,1;-0,6%
562,6;-0,6%
563,1;-0,7%
563,6;-0,6%
564,1;-0,6%
564,6;-0,6%
565,0;-0,6%
565,5;-0,6%
566,0;-0,6%
566,5;-0,6%
567,0;-0,6%
567,5;-0,6%
567,9;-0,6%
568,4;-0,6%
568,9;-0,6%
569,4;-0,6%
569,9;-0,6%
570,3;-0,6%
570,8;-0,7%
571,3;-0,7%
571,8;-0,7%
572,3;-0,7%
572,8;-0,7%
573,2;-0,7%
573,7;-0,7%
574,2;-0,7%
574,7;-0,7%
575,2;-0,7%
575,6;-0,7%
576,1;-0,7%
576,6;-0,7%
577,1;-0,7%
577,6;-0,7%
578,1;-0,7%
578,5;-0,7%
579,0;-0,7%
579,5;-0,7%
580,0;-0,6%
580,5;-0,6%
581,0;-0,6%
581,4;-0,6%
581,9;-0,6%
582,4;-0,6%
582,9;-0,6%
583,4;-0,6%
583,8;-0,6%
584,3;-0,6%
584,8;-0,6%
585,3;-0,6%
585,8;-0,6%
586,3;-0,6%
586,7;-0,6%
587,2;-0,7%
587,7;-0,7%
588,2;-0,7%
588,7;-0,7%
589,1;-0,7%
589,6;-0,7%
590,1;-0,7%
590,6;-0,7%
591,1;-0,7%
591,6;-0,7%
592,0;-0,7%
592,5;-0,7%
593,0;-0,7%
593,5;-0,7%
594,0;-0,7%
594,5;-0,7%
594,9;-0,7%
595,4;-0,7%
595,9;-0,7%
596,4;-0,7%
596,9;-0,7%
597,3;-0,7%
597,8;-0,7%
598,3;-0,7%
598,8;-0,7%
599,3;-0,7%
599,8;-0,7%
600,2;-0,7%
600,7;-0,7%
601,2;-0,7%
601,7;-0,7%
602,2;-0,7%
602,6;-0,7%
603,1;-0,7%
603,6;-0,7%
604,1;-0,7%
604,6;-0,7%
605,1;-0,7%
605,5;-0,8%
606,0;-0,7%
606,5;-0,7%
607,0;-0,7%
607,5;-0,7%
607,9;-0,7%
608,4;-0,7%
608,9;-0,7%
609,4;-0,7%
609,9;-0,7%
610,4;-0,7%
610,8;-0,7%
611,3;-0,7%
611,8;-0,7%
612,3;-0,7%
612,8;-0,7%
613,3;-0,7%
613,7;-0,7%
614,2;-0,7%
614,7;-0,7%
615,2;-0,7%
615,7;-0,7%
616,1;-0,7%
616,6;-0,7%
617,1;-0,7%
617,6;-0,7%
618,1;-0,7%
618,6;-0,7%
619,0;-0,7%
619,5;-0,7%
620,0;-0,7%
620,5;-0,7%
621,0;-0,7%
621,4;-0,8%
621,9;-0,8%
622,4;-0,8%
622,9;-0,8%
623,4;-0,8%
623,9;-0,8%
624,3;-0,8%
624,8;-0,8%
625,3;-0,8%
625,8;-0,8%
626,3;-0,8%
626,8;-0,8%
627,2;-0,8%
627,7;-0,8%
628,2;-0,7%
628,7;-0,7%
629,2;-0,7%
629,6;-0,7%
630,1;-0,7%
630,6;-0,7%
631,1;-0,7%
631,6;-0,7%
632,1;-0,7%
632,5;-0,7%
633,0;-0,7%
633,5;-0,7%
634,0;-0,7%
634,5;-0,7%
634,9;-0,7%
635,4;-0,8%
635,9;-0,8%
636,4;-0,7%
636,9;-0,7%
637,4;-0,7%
637,8;-0,7%
638,3;-0,7%
638,8;-0,7%
639,3;-0,7%
639,8;-0,7%
640,3;-0,7%
640,7;-0,7%
641,2;-0,7%
641,7;-0,7%
642,2;-0,7%
642,7;-0,7%
643,1;-0,7%
643,6;-0,7%
644,1;-0,7%
644,6;-0,7%
645,1;-0,7%
645,6;-0,7%
646,0;-0,7%
646,5;-0,7%
647,0;-0,7%
647,5;-0,7%
648,0;-0,7%
648,4;-0,7%
648,9;-0,7%
649,4;-0,7%
649,9;-0,7%
650,4;-0,7%
650,9;-0,7%
651,3;-0,7%
651,8;-0,7%
652,3;-0,7%
652,8;-0,7%
653,3;-0,7%
653,8;-0,7%
654,2;-0,7%
654,7;-0,7%
655,2;-0,7%
655,7;-0,7%
656,2;-0,7%
656,6;-0,7%
657,1;-0,7%
657,6;-0,7%
658,1;-0,7%
658,6;-0,7%
659,1;-0,7%
659,5;-0,7%
660,0;-0,7%
660,5;-0,7%
661,0;-0,7%
661,5;-0,7%
661,9;-0,7%
662,4;-0,7%
662,9;-0,7%
663,4;-0,6%
663,9;-0,6%
664,4;-0,6%
664,8;-0,7%
665,3;-0,7%
665,8;-0,7%
666,3;-0,7%
666,8;-0,7%
667,2;-0,6%
667,7;-0,6%
668,2;-0,5%
668,7;-0,5%
669,2;-0,5%
669,7;-0,5%
670,1;-0,5%
670,6;-0,5%
671,1;-0,5%
671,6;-0,6%
672,1;-0,6%
672,6;-0,6%
673,0;-0,6%
673,5;-0,6%
674,0;-0,6%
674,5;-0,6%
675,0;-0,6%
675,4;-0,5%
675,9;-0,5%
676,4;-0,5%
676,9;-0,5%
677,4;-0,5%
677,9;-0,5%
678,3;-0,5%
678,8;-0,5%
679,3;-0,5%
679,8;-0,5%
680,3;-0,5%
680,7;-0,5%
681,2;-0,5%
681,7;-0,4%
682,2;-0,4%
682,7;-0,4%
683,2;-0,4%
683,6;-0,4%
684,1;-0,4%
684,6;-0,4%
685,1;-0,4%
685,6;-0,4%
686,1;-0,4%
686,5;-0,4%
687,0;-0,4%
687,5;-0,4%
688,0;-0,4%
688,5;-0,4%
688,9;-0,3%
689,4;-0,3%
689,9;-0,3%
690,4;-0,3%
690,9;-0,3%
691,4;-0,3%
691,8;-0,3%
692,3;-0,2%
692,8;-0,2%
693,3;-0,2%
693,8;-0,2%
694,2;-0,2%
694,7;-0,2%
695,2;-0,1%
695,7;-0,1%
696,2;-0,1%
696,7;-0,1%
697,1;0,0%
697,6;0,0%
698,1;0,0%
698,6;0,1%
699,1;0,1%
699,6;0,2%
700,0;0,2%
700,5;0,3%
701,0;0,3%
701,5;0,4%
702,0;0,5%
702,4;0,5%
702,9;0,6%
703,4;0,7%
703,9;0,8%
704,4;0,9%
704,9;1,0%
705,3;1,1%
705,8;1,2%
706,3;1,3%
706,8;1,5%
707,3;1,6%
707,7;1,8%
708,2;2,0%
708,7;2,2%
709,2;2,4%
709,7;2,6%
710,2;2,9%
710,6;3,2%
711,1;3,5%
711,6;3,9%
712,1;4,3%
712,6;4,8%
713,1;5,4%
713,5;6,0%
714,0;6,8%
714,5;7,7%
715,0;8,8%
715,5;10,0%
715,9;11,5%
716,4;13,0%
716,9;14,7%
717,4;16,3%
717,9;17,6%
718,4;18,4%
718,8;18,7%
719,3;18,2%
719,8;17,2%
720,3;15,8%
720,8;14,1%
721,2;12,4%
721,7;10,8%
722,2;9,5%
722,7;8,4%
723,2;7,5%
723,7;6,9%
724,1;6,5%
724,6;6,3%
725,1;6,3%
725,6;6,4%
726,1;6,6%
726,5;7,1%
727,0;7,8%
727,5;8,6%
728,0;9,5%
728,5;10,4%
729,0;11,2%
729,4;11,7%
729,9;11,8%
730,4;11,4%
730,9;10,6%
731,4;9,5%
731,9;8,2%
732,3;6,8%
732,8;5,5%
733,3;4,4%
733,8;3,5%
734,3;2,7%
734,7;2,2%
735,2;1,7%
735,7;1,4%
736,2;1,2%
736,7;1,0%
737,2;0,8%
737,6;0,7%
738,1;0,6%
738,6;0,5%
739,1;0,4%
739,6;0,3%
740,0;0,3%
740,5;0,2%
741,0;0,2%
741,5;0,1%
742,0;0,1%
742,5;0,1%
742,9;0,0%
743,4;0,0%
743,9;0,0%
744,4;0,0%
744,9;-0,1%
745,4;-0,1%
745,8;-0,1%
746,3;-0,1%
746,8;-0,1%
747,3;-0,2%
747,8;-0,2%
748,2;-0,2%
748,7;-0,2%
749,2;-0,2%
749,7;-0,2%
750,2;-0,3%
750,7;-0,3%
751,1;-0,3%
751,6;-0,3%
752,1;-0,3%
752,6;-0,3%
753,1;-0,4%
753,5;-0,4%
754,0;-0,4%
754,5;-0,4%
755,0;-0,4%
755,5;-0,4%
756,0;-0,4%
756,4;-0,4%
756,9;-0,4%
757,4;-0,4%
757,9;-0,4%
758,4;-0,4%
758,9;-0,5%
759,3;-0,5%
759,8;-0,5%
760,3;-0,5%
760,8;-0,5%
761,3;-0,5%
761,7;-0,5%
762,2;-0,5%
762,7;-0,5%
763,2;-0,5%
763,7;-0,5%
764,2;-0,5%
764,6;-0,5%
765,1;-0,5%
765,6;-0,5%
766,1;-0,5%
766,6;-0,5%
767,0;-0,5%
767,5;-0,5%
768,0;-0,5%
768,5;-0,5%
769,0;-0,5%
769,5;-0,5%
769,9;-0,5%
770,4;-0,5%
770,9;-0,5%
771,4;-0,5%
771,9;-0,5%
772,4;-0,6%
772,8;-0,6%
773,3;-0,6%
773,8;-0,6%
774,3;-0,6%
774,8;-0,6%
775,2;-0,6%
775,7;-0,6%
776,2;-0,6%
776,7;-0,6%
777,2;-0,6%
777,7;-0,6%
778,1;-0,6%
778,6;-0,6%
779,1;-0,6%
779,6;-0,6%
780,1;-0,6%
780,5;-0,6%
781,0;-0,6%
781,5;-0,6%
782,0;-0,6%
782,5;-0,6%
783,0;-0,6%
783,4;-0,6%
783,9;-0,6%
784,4;-0,6%
784,9;-0,6%
785,4;-0,6%
785,9;-0,6%
786,3;-0,6%
786,8;-0,6%
787,3;-0,6%
787,8;-0,6%
788,3;-0,6%
788,7;-0,6%
789,2;-0,6%
789,7;-0,6%
790,2;-0,6%
790,7;-0,6%
791,2;-0,6%
791,6;-0,6%
792,1;-0,6%
792,6;-0,6%
793,1;-0,6%
793,6;-0,6%
794,0;-0,6%
794,5;-0,6%
795,0;-0,6%
795,5;-0,6%
796,0;-0,6%
796,5;-0,6%
796,9;-0,6%
797,4;-0,6%
797,9;-0,6%
798,4;-0,7%
798,9;-0,7%
799,3;-0,7%
799,8;-0,7%
800,3;-0,7%
800,8;-0,7%
801,3;-0,7%
801,8;-0,6%
802,2;-0,6%
802,7;-0,6%
803,2;-0,6%
803,7;-0,6%
804,2;-0,6%
804,7;-0,6%
805,1;-0,6%
805,6;-0,6%
806,1;-0,6%
806,6;-0,6%
807,1;-0,6%
807,5;-0,6%
808,0;-0,6%
808,5;-0,6%
809,0;-0,7%
809,5;-0,7%
810,0;-0,7%
810,4;-0,7%
810,9;-0,7%
811,4;-0,7%
811,9;-0,7%
812,4;-0,7%
812,8;-0,7%
813,3;-0,7%
813,8;-0,7%
814,3;-0,7%
814,8;-0,7%
815,3;-0,7%
815,7;-0,7%
816,2;-0,7%
816,7;-0,7%
817,2;-0,7%
817,7;-0,7%
818,2;-0,7%
818,6;-0,7%
819,1;-0,7%
819,6;-0,7%
820,1;-0,7%
820,6;-0,7%
821,0;-0,7%
821,5;-0,7%
822,0;-0,7%
822,5;-0,7%
823,0;-0,7%
823,5;-0,7%
823,9;-0,7%
824,4;-0,7%
824,9;-0,7%
825,4;-0,7%
825,9;-0,7%
826,3;-0,7%
826,8;-0,7%
827,3;-0,7%
827,8;-0,7%
828,3;-0,7%
828,8;-0,7%
829,2;-0,7%
829,7;-0,7%
830,2;-0,7%
830,7;-0,7%
831,2;-0,7%
831,7;-0,8%
832,1;-0,8%
832,6;-0,8%
833,1;-0,8%
833,6;-0,7%
834,1;-0,7%
834,5;-0,7%
835,0;-0,7%
835,5;-0,7%
836,0;-0,7%
836,5;-0,7%
837,0;-0,7%
837,4;-0,7%
837,9;-0,7%
838,4;-0,7%
838,9;-0,7%
839,4;-0,7%
839,8;-0,7%
840,3;-0,7%
840,8;-0,7%
841,3;-0,7%
841,8;-0,7%
842,3;-0,8%
842,7;-0,8%
843,2;-0,8%
843,7;-0,8%
844,2;-0,8%
844,7;-0,8%
845,2;-0,8%
845,6;-0,8%
846,1;-0,8%
846,6;-0,8%
847,1;-0,8%
847,6;-0,8%
848,0;-0,8%
848,5;-0,8%
849,0;-0,8%
849,5;-0,8%
850,0;-0,8%
850,5;-0,8%
850,9;-0,8%
851,4;-0,8%
851,9;-0,8%
852,4;-0,8%
852,9;-0,8%
853,3;-0,8%
853,8;-0,8%
854,3;-0,8%
854,8;-0,8%
855,3;-0,8%
855,8;-0,8%
856,2;-0,8%
856,7;-0,8%
857,2;-0,8%
857,7;-0,8%
858,2;-0,8%
858,7;-0,8%
859,1;-0,8%
859,6;-0,8%
860,1;-0,8%
860,6;-0,8%
861,1;-0,8%
861,5;-0,8%
862,0;-0,8%
862,5;-0,8%
863,0;-0,8%
863,5;-0,8%
864,0;-0,8%
864,4;-0,8%
864,9;-0,8%
865,4;-0,8%
865,9;-0,8%
866,4;-0,8%
866,8;-0,8%
867,3;-0,8%
867,8;-0,8%
868,3;-0,8%
868,8;-0,8%
869,3;-0,8%
869,7;-0,8%
870,2;-0,8%
870,7;-0,8%
871,2;-0,8%
871,7;-0,8%
872,1;-0,8%
872,6;-0,8%
873,1;-0,8%
873,6;-0,8%
874,1;-0,8%
874,6;-0,8%
875,0;-0,8%
875,5;-0,8%
876,0;-0,8%
876,5;-0,8%
877,0;-0,8%
877,5;-0,8%
877,9;-0,8%
878,4;-0,8%
878,9;-0,8%
879,4;-0,8%
879,9;-0,8%
880,3;-0,8%
880,8;-0,8%
881,3;-0,8%
881,8;-0,8%
882,3;-0,8%
882,8;-0,8%
883,2;-0,8%
883,7;-0,8%
884,2;-0,8%
884,7;-0,8%
885,2;-0,8%
885,6;-0,8%
886,1;-0,8%
886,6;-0,8%
887,1;-0,8%
887,6;-0,8%
888,1;-0,8%
888,5;-0,8%
889,0;-0,8%
889,5;-0,8%
890,0;-0,8%
890,5;-0,8%
891,0;-0,8%
891,4;-0,8%
891,9;-0,8%
892,4;-0,8%
892,9;-0,8%
893,4;-0,8%
893,8;-0,8%
894,3;-0,8%
894,8;-0,8%
895,3;-0,8%
895,8;-0,8%
896,3;-0,8%
896,7;-0,8%
897,2;-0,8%
897,7;-0,8%
898,2;-0,8%
898,7;-0,8%
899,1;-0,8%
899,6;-0,8%
900,1;-0,8%
900,6;-0,8%
901,1;-0,8%
901,6;-0,8%
902,0;-0,8%
902,5;-0,8%
903,0;-0,8%
903,5;-0,8%
904,0;-0,8%
904,5;-0,8%
904,9;-0,8%
905,4;-0,8%
905,9;-0,8%
906,4;-0,8%
906,9;-0,8%
907,3;-0,8%
907,8;-0,8%
908,3;-0,8%
908,8;-0,8%
909,3;-0,8%
909,8;-0,8%
910,2;-0,8%
910,7;-0,8%
911,2;-0,8%
911,7;-0,8%
912,2;-0,8%
912,6;-0,8%
913,1;-0,8%
913,6;-0,8%
914,1;-0,8%
914,6;-0,8%
915,1;-0,8%
915,5;-0,8%
916,0;-0,8%
916,5;-0,8%
917,0;-0,8%
917,5;-0,8%
918,0;-0,8%
918,4;-0,8%
918,9;-0,8%
919,4;-0,8%
919,9;-0,8%
920,4;-0,8%
920,8;-0,8%
921,3;-0,8%
921,8;-0,8%
922,3;-0,8%
922,8;-0,8%
923,3;-0,8%
923,7;-0,8%
924,2;-0,8%
924,7;-0,8%
925,2;-0,8%
925,7;-0,8%
926,1;-0,8%
926,6;-0,8%
927,1;-0,8%
927,6;-0,8%
928,1;-0,8%
928,6;-0,8%
929,0;-0,8%
929,5;-0,8%
930,0;-0,8%
930,5;-0,8%
931,0;-0,8%
931,4;-0,8%
931,9;-0,8%
932,4;-0,8%
932,9;-0,8%
933,4;-0,8%
933,9;-0,8%
934,3;-0,8%
934,8;-0,8%
935,3;-0,8%
935,8;-0,8%
936,3;-0,8%
936,8;-0,8%
937,2;-0,8%
937,7;-0,8%
938,2;-0,8%
938,7;-0,8%
939,2;-0,8%
939,6;-0,8%
940,1;-0,8%
940,6;-0,8%
941,1;-0,8%
941,6;-0,8%
942,1;-0,8%
942,5;-0,8%
943,0;-0,8%
943,5;-0,8%
944,0;-0,8%
944,5;-0,8%
944,9;-0,8%
945,4;-0,8%
945,9;-0,8%
946,4;-0,8%
946,9;-0,8%
947,4;-0,8%
947,8;-0,8%
948,3;-0,8%
948,8;-0,8%
949,3;-0,8%
949,8;-0,8%
950,3;-0,8%
950,7;-0,8%
951,2;-0,8%
951,7;-0,8%
952,2;-0,8%
952,7;-0,8%
953,1;-0,8%
953,6;-0,8%
954,1;-0,8%
954,6;-0,8%
955,1;-0,8%
955,6;-0,8%
956,0;-0,8%
956,5;-0,8%
957,0;-0,8%
957,5;-0,8%
958,0;-0,8%
958,4;-0,8%
958,9;-0,8%
959,4;-0,8%
959,9;-0,8%
960,4;-0,8%
960,9;-0,8%
961,3;-0,8%
961,8;-0,8%
962,3;-0,8%
962,8;-0,8%
963,3;-0,8%
963,8;-0,8%
964,2;-0,8%
964,7;-0,8%
965,2;-0,8%
965,7;-0,8%
966,2;-0,8%
966,6;-0,8%
967,1;-0,8%
967,6;-0,8%
968,1;-0,8%
968,6;-0,8%
969,1;-0,8%
969,5;-0,8%
970,0;-0,8%
970,5;-0,8%
971,0;-0,8%
971,5;-0,8%
971,9;-0,8%
972,4;-0,8%
972,9;-0,8%
973,4;-0,8%
973,9;-0,8%
974,4;-0,8%
974,8;-0,8%
975,3;-0,8%
975,8;-0,8%
976,3;-0,8%
976,8;-0,8%
977,3;-0,8%
977,7;-0,8%
978,2;-0,8%
978,7;-0,8%
979,2;-0,8%
979,7;-0,8%
980,1;-0,8%
980,6;-0,8%
981,1;-0,8%
981,6;-0,8%
982,1;-0,8%
982,6;-0,8%
983,0;-0,8%
983,5;-0,8%
984,0;-0,8%
984,5;-0,8%
985,0;-0,8%
985,4;-0,8%
985,9;-0,8%
986,4;-0,8%
986,9;-0,8%
987,4;-0,8%
987,9;-0,8%
988,3;-0,8%
988,8;-0,8%
989,3;-0,8%
989,8;-0,7%
990,3;-0,7%
990,8;-0,7%
991,2;-0,7%
991,7;-0,7%
992,2;-0,7%
992,7;-0,7%
993,2;-0,7%
993,6;-0,7%
994,1;-0,7%
994,6;-0,7%
995,1;-0,7%
995,6;-0,7%
996,1;-0,7%
996,5;-0,7%
997,0;-0,7%
997,5;-0,7%
998,0;-0,7%
998,5;-0,7%
998,9;-0,7%
999,4;-0,7%
999,9;-0,7%
1000,4;-0,7%
1000,9;-0,7%
1001,4;-0,7%
1001,8;-0,7%
1002,3;-0,7%
1002,8;-0,7%
1003,3;-0,7%
1003,8;-0,7%
1004,2;-0,7%
1004,7;-0,7%
1005,2;-0,6%
1005,7;-0,6%
1006,2;-0,6%
1006,7;-0,6%
1007,1;-0,6%
1007,6;-0,6%
1008,1;-0,6%
1008,6;-0,6%
1009,1;-0,6%
1009,6;-0,6%
1010,0;-0,5%
1010,5;-0,5%
1011,0;-0,5%
1011,5;-0,5%
1012,0;-0,5%
1012,4;-0,5%
1012,9;-0,5%
1013,4;-0,5%
1013,9;-0,5%
1014,4;-0,5%
1014,9;-0,5%
1015,3;-0,5%
1015,8;-0,4%
1016,3;-0,4%
1016,8;-0,4%
1017,3;-0,4%
1017,7;-0,4%
1018,2;-0,4%
1018,7;-0,4%
1019,2;-0,4%
1019,7;-0,4%
1020,2;-0,4%
1020,6;-0,4%
1021,1;-0,4%
1021,6;-0,4%
1022,1;-0,4%
1022,6;-0,4%
1023,1;-0,4%
1023,5;-0,4%
1024,0;-0,4%
1024,5;-0,4%
1025,0;-0,5%
1025,5;-0,5%
1025,9;-0,5%
1026,4;-0,5%
1026,9;-0,5%
1027,4;-0,5%
1027,9;-0,5%
1028,4;-0,4%
1028,8;-0,4%
1029,3;-0,4%
1029,8;-0,4%
1030,3;-0,4%
1030,8;-0,4%
1031,2;-0,4%
1031,7;-0,4%
1032,2;-0,4%
1032,7;-0,4%
1033,2;-0,4%
1033,7;-0,4%
1034,1;-0,4%
1034,6;-0,4%
1035,1;-0,3%
1035,6;-0,3%
1036,1;-0,3%
1036,6;-0,3%
1037,0;-0,3%
1037,5;-0,3%
1038,0;-0,3%
1038,5;-0,3%
1039,0;-0,3%
1039,4;-0,3%
1039,9;-0,3%
1040,4;-0,2%
1040,9;-0,2%
1041,4;-0,2%
1041,9;-0,2%
1042,3;-0,2%
1042,8;-0,2%
1043,3;-0,2%
1043,8;-0,2%
1044,3;-0,2%
1044,7;-0,2%
1045,2;-0,2%
1045,7;-0,2%
1046,2;-0,2%
1046,7;-0,2%
1047,2;-0,2%
1047,6;-0,2%
1048,1;-0,2%
1048,6;-0,2%
1049,1;-0,2%
1049,6;-0,3%
1050,1;-0,3%
1050,5;-0,3%
1051,0;-0,3%
1051,5;-0,3%
1052,0;-0,3%
1052,5;-0,3%
1052,9;-0,3%
1053,4;-0,3%
1053,9;-0,3%
1054,4;-0,4%
1054,9;-0,4%
1055,4;-0,4%
1055,8;-0,4%
1056,3;-0,4%
1056,8;-0,4%
1057,3;-0,4%
1057,8;-0,4%
1058,2;-0,4%
1058,7;-0,4%
1059,2;-0,4%
1059,7;-0,4%
1060,2;-0,4%
1060,7;-0,4%
1061,1;-0,4%
1061,6;-0,4%
1062,1;-0,4%
1062,6;-0,4%
1063,1;-0,4%
1063,6;-0,4%
1064,0;-0,4%
1064,5;-0,4%
1065,0;-0,4%
1065,5;-0,4%
1066,0;-0,4%
1066,4;-0,4%
1066,9;-0,4%
1067,4;-0,4%
1067,9;-0,4%
1068,4;-0,4%
1068,9;-0,4%
1069,3;-0,4%
1069,8;-0,4%
1070,3;-0,4%
1070,8;-0,4%
1071,3;-0,4%
1071,7;-0,4%
1072,2;-0,4%
1072,7;-0,4%
1073,2;-0,4%
1073,7;-0,4%
1074,2;-0,4%
1074,6;-0,4%
1075,1;-0,3%
1075,6;-0,3%
1076,1;-0,3%
1076,6;-0,3%
1077,0;-0,3%
1077,5;-0,3%
1078,0;-0,3%
1078,5;-0,3%
1079,0;-0,3%
1079,5;-0,3%
1079,9;-0,3%
1080,4;-0,3%
1080,9;-0,3%
1081,4;-0,3%
1081,9;-0,3%
1082,4;-0,3%
1082,8;-0,3%
1083,3;-0,3%
1083,8;-0,3%
1084,3;-0,3%
1084,8;-0,3%
1085,2;-0,3%
1085,7;-0,4%
1086,2;-0,4%
1086,7;-0,4%
1087,2;-0,4%
1087,7;-0,4%
1088,1;-0,4%
1088,6;-0,4%
1089,1;-0,4%
1089,6;-0,4%
1090,1;-0,4%
1090,5;-0,4%
1091,0;-0,4%
1091,5;-0,4%
1092,0;-0,5%
1092,5;-0,5%
1093,0;-0,5%
1093,4;-0,5%
1093,9;-0,5%
1094,4;-0,5%
1094,9;-0,5%
1095,4;-0,5%
1095,9;-0,5%
1096,3;-0,5%
1096,8;-0,5%
1097,3;-0,5%
1097,8;-0,5%
1098,3;-0,5%
1098,7;-0,5%
1099,2;-0,5%
1099,7;-0,5%
1100,2;-0,5%
1100,7;-0,5%
1101,2;-0,5%
1101,6;-0,5%
1102,1;-0,5%
1102,6;-0,5%
1103,1;-0,5%
1103,6;-0,5%
1104,0;-0,5%
1104,5;-0,6%
1105,0;-0,6%
1105,5;-0,6%
1106,0;-0,6%
1106,5;-0,6%
1106,9;-0,6%
1107,4;-0,6%
1107,9;-0,6%
1108,4;-0,6%
1108,9;-0,6%
1109,4;-0,6%
1109,8;-0,6%
1110,3;-0,6%
1110,8;-0,6%
1111,3;-0,6%
1111,8;-0,6%
1112,2;-0,6%
1112,7;-0,6%
1113,2;-0,6%
1113,7;-0,6%
1114,2;-0,6%
1114,7;-0,6%
1115,1;-0,6%
1115,6;-0,6%
1116,1;-0,6%
1116,6;-0,6%
1117,1;-0,6%
1117,5;-0,6%
1118,0;-0,6%
1118,5;-0,6%
1119,0;-0,6%
1119,5;-0,6%
1120,0;-0,6%
1120,4;-0,6%
1120,9;-0,6%
1121,4;-0,6%
1121,9;-0,6%
1122,4;-0,6%
1122,9;-0,6%
1123,3;-0,6%
1123,8;-0,6%
1124,3;-0,6%
1124,8;-0,6%
1125,3;-0,6%
1125,7;-0,6%
1126,2;-0,6%
1126,7;-0,6%
1127,2;-0,6%
1127,7;-0,6%
1128,2;-0,6%
1128,6;-0,6%
1129,1;-0,6%
1129,6;-0,6%
1130,1;-0,6%
1130,6;-0,6%
1131,0;-0,6%
1131,5;-0,6%
1132,0;-0,6%
1132,5;-0,6%
1133,0;-0,6%
1133,5;-0,6%
1133,9;-0,6%
1134,4;-0,6%
1134,9;-0,6%
1135,4;-0,6%
1135,9;-0,7%
1136,3;-0,7%
1136,8;-0,7%
1137,3;-0,7%
1137,8;-0,7%
1138,3;-0,7%
1138,8;-0,7%
1139,2;-0,7%
1139,7;-0,7%
1140,2;-0,7%
1140,7;-0,7%
1141,2;-0,7%
1141,7;-0,7%
1142,1;-0,7%
1142,6;-0,7%
1143,1;-0,7%
1143,6;-0,7%
1144,1;-0,7%
1144,5;-0,7%
1145,0;-0,7%
1145,5;-0,7%
1146,0;-0,7%
1146,5;-0,7%
1147,0;-0,7%
1147,4;-0,7%
1147,9;-0,7%
1148,4;-0,7%
1148,9;-0,7%
1149,4;-0,7%
1149,8;-0,7%
1150,3;-0,7%
1150,8;-0,7%
1151,3;-0,7%
1151,8;-0,7%
1152,3;-0,7%
1152,7;-0,7%
1153,2;-0,7%
1153,7;-0,7%
1154,2;-0,7%
1154,7;-0,7%
1155,2;-0,7%
1155,6;-0,7%
1156,1;-0,7%
1156,6;-0,7%
1157,1;-0,7%
1157,6;-0,7%
1158,0;-0,7%
1158,5;-0,7%
1159,0;-0,7%
1159,5;-0,7%
1160,0;-0,7%
1160,5;-0,7%
1160,9;-0,7%
1161,4;-0,7%
1161,9;-0,7%
1162,4;-0,7%
1162,9;-0,7%
1163,3;-0,7%
1163,8;-0,7%
1164,3;-0,7%
1164,8;-0,7%
1165,3;-0,7%
1165,8;-0,7%
1166,2;-0,7%
1166,7;-0,7%
1167,2;-0,7%
1167,7;-0,7%
1168,2;-0,7%
1168,7;-0,7%
1169,1;-0,7%
1169,6;-0,7%
1170,1;-0,7%
1170,6;-0,7%
1171,1;-0,7%
1171,5;-0,7%
1172,0;-0,7%
1172,5;-0,7%
1173,0;-0,7%
1173,5;-0,7%
1174,0;-0,7%
1174,4;-0,7%
1174,9;-0,7%
1175,4;-0,7%
1175,9;-0,7%
1176,4;-0,7%
1176,8;-0,7%
1177,3;-0,7%
1177,8;-0,7%
1178,3;-0,7%
1178,8;-0,7%
1179,3;-0,7%
1179,7;-0,7%
1180,2;-0,7%
1180,7;-0,7%
1181,2;-0,7%
1181,7;-0,7%
1182,2;-0,7%
1182,6;-0,7%
1183,1;-0,7%
1183,6;-0,7%
1184,1;-0,7%
1184,6;-0,7%
1185,0;-0,7%
1185,5;-0,7%
1186,0;-0,7%
1186,5;-0,7%
1187,0;-0,7%
1187,5;-0,7%
1187,9;-0,7%
1188,4;-0,7%
1188,9;-0,7%
1189,4;-0,7%
1189,9;-0,7%
1190,3;-0,7%
1190,8;-0,7%
1191,3;-0,7%
1191,8;-0,7%
1192,3;-0,7%
1192,8;-0,7%
1193,2;-0,7%
1193,7;-0,7%
1194,2;-0,7%
1194,7;-0,7%
1195,2;-0,7%
1195,7;-0,7%
1196,1;-0,7%
1196,6;-0,8%
1197,1;-0,8%
1197,6;-0,8%
1198,1;-0,8%
1198,5;-0,8%
1199,0;-0,8%
1199,5;-0,8%
1200,0;-0,8%
1200,5;-0,8%
1201,0;-0,8%
1201,4;-0,8%
1201,9;-0,8%
1202,4;-0,8%
1202,9;-0,8%
1203,4;-0,8%
1203,8;-0,8%
1204,3;-0,8%
1204,8;-0,8%
1205,3;-0,8%
1205,8;-0,8%
1206,3;-0,8%
1206,7;-0,8%
1207,2;-0,8%
1207,7;-0,8%
1208,2;-0,8%
1208,7;-0,8%
1209,1;-0,8%
1209,6;-0,8%
1210,1;-0,8%
1210,6;-0,8%
1211,1;-0,8%
1211,6;-0,7%
1212,0;-0,7%
1212,5;-0,7%
1213,0;-0,7%
1213,5;-0,7%
1214,0;-0,7%
1214,5;-0,7%
1214,9;-0,7%
1215,4;-0,7%
1215,9;-0,7%
1216,4;-0,7%
1216,9;-0,7%
1217,3;-0,7%
1217,8;-0,7%
1218,3;-0,7%
1218,8;-0,7%
1219,3;-0,7%
1219,8;-0,7%
1220,2;-0,7%
1220,7;-0,7%
1221,2;-0,7%
1221,7;-0,7%
1222,2;-0,7%
1222,6;-0,7%
1223,1;-0,7%
1223,6;-0,7%
1224,1;-0,7%
1224,6;-0,7%
1225,1;-0,7%
1225,5;-0,7%
1226,0;-0,7%
1226,5;-0,7%
1227,0;-0,7%
1227,5;-0,7%
1228,0;-0,7%
1228,4;-0,7%
1228,9;-0,7%
1229,4;-0,7%
1229,9;-0,7%
1230,4;-0,7%
1230,8;-0,7%
1231,3;-0,7%
1231,8;-0,7%
1232,3;-0,7%
1232,8;-0,7%
1233,3;-0,7%
1233,7;-0,7%
1234,2;-0,7%
1234,7;-0,7%
1235,2;-0,7%
1235,7;-0,7%
1236,1;-0,7%
1236,6;-0,7%
1237,1;-0,7%
1237,6;-0,7%
1238,1;-0,7%
1238,6;-0,7%
1239,0;-0,7%
1239,5;-0,7%
1240,0;-0,7%
1240,5;-0,7%
1241,0;-0,7%
1241,5;-0,7%
1241,9;-0,7%
1242,4;-0,7%
1242,9;-0,7%
1243,4;-0,7%
1243,9;-0,7%
1244,3;-0,7%
1244,8;-0,7%
1245,3;-0,7%
1245,8;-0,7%
1246,3;-0,7%
1246,8;-0,7%
1247,2;-0,7%
1247,7;-0,7%
1248,2;-0,7%
1248,7;-0,7%
1249,2;-0,7%
1249,6;-0,7%
1250,1;-0,7%
1250,6;-0,7%
1251,1;-0,7%
1251,6;-0,6%
1252,1;-0,6%
1252,5;-0,6%
1253,0;-0,6%
1253,5;-0,6%
1254,0;-0,6%
1254,5;-0,6%
1255,0;-0,6%
1255,4;-0,6%
1255,9;-0,6%
1256,4;-0,6%
1256,9;-0,6%
1257,4;-0,6%
1257,8;-0,6%
1258,3;-0,6%
1258,8;-0,6%
1259,3;-0,6%
1259,8;-0,6%
1260,3;-0,6%
1260,7;-0,6%
1261,2;-0,6%
1261,7;-0,6%
1262,2;-0,6%
1262,7;-0,6%
1263,1;-0,6%
1263,6;-0,6%
1264,1;-0,6%
1264,6;-0,6%
1265,1;-0,6%
1265,6;-0,6%
1266,0;-0,6%
1266,5;-0,6%
1267,0;-0,6%
1267,5;-0,6%
1268,0;-0,6%
1268,4;-0,6%
1268,9;-0,6%
1269,4;-0,6%
1269,9;-0,6%
1270,4;-0,6%
1270,9;-0,6%
1271,3;-0,6%
1271,8;-0,6%
1272,3;-0,6%
1272,8;-0,6%
1273,3;-0,6%
1273,8;-0,6%
1274,2;-0,6%
1274,7;-0,6%
1275,2;-0,6%
1275,7;-0,6%
1276,2;-0,6%
1276,6;-0,6%
1277,1;-0,6%
1277,6;-0,6%
1278,1;-0,5%
1278,6;-0,5%
1279,1;-0,5%
1279,5;-0,5%
1280,0;-0,5%
1280,5;-0,5%
1281,0;-0,5%
1281,5;-0,5%
1281,9;-0,5%
1282,4;-0,5%
1282,9;-0,5%
1283,4;-0,5%
1283,9;-0,5%
1284,4;-0,5%
1284,8;-0,5%
1285,3;-0,5%
1285,8;-0,5%
1286,3;-0,5%
1286,8;-0,5%
1287,3;-0,5%
1287,7;-0,5%
1288,2;-0,5%
1288,7;-0,5%
1289,2;-0,5%
1289,7;-0,5%
1290,1;-0,5%
1290,6;-0,5%
1291,1;-0,5%
1291,6;-0,5%
1292,1;-0,4%
1292,6;-0,4%
1293,0;-0,4%
1293,5;-0,4%
1294,0;-0,4%
1294,5;-0,4%
1295,0;-0,4%
1295,4;-0,4%
1295,9;-0,4%
1296,4;-0,4%
1296,9;-0,4%
1297,4;-0,3%
1297,9;-0,3%
1298,3;-0,3%
1298,8;-0,3%
1299,3;-0,3%
1299,8;-0,3%
1300,3;-0,3%
1300,8;-0,3%
1301,2;-0,3%
1301,7;-0,3%
1302,2;-0,3%
1302,7;-0,3%
1303,2;-0,3%
1303,6;-0,3%
1304,1;-0,3%
1304,6;-0,3%
1305,1;-0,3%
1305,6;-0,3%
1306,1;-0,3%
1306,5;-0,3%
1307,0;-0,3%
1307,5;-0,4%
1308,0;-0,4%
1308,5;-0,4%
1308,9;-0,4%
1309,4;-0,4%
1309,9;-0,4%
1310,4;-0,4%
1310,9;-0,4%
1311,4;-0,4%
1311,8;-0,4%
1312,3;-0,4%
1312,8;-0,4%
1313,3;-0,4%
1313,8;-0,5%
1314,3;-0,5%
1314,7;-0,5%
1315,2;-0,5%
1315,7;-0,5%
1316,2;-0,5%
1316,7;-0,5%
1317,1;-0,5%
1317,6;-0,5%
1318,1;-0,5%
1318,6;-0,6%
1319,1;-0,6%
1319,6;-0,6%
1320,0;-0,6%
1320,5;-0,6%
1321,0;-0,6%
1321,5;-0,6%
1322,0;-0,6%
1322,4;-0,6%
1322,9;-0,6%
1323,4;-0,6%
1323,9;-0,6%
1324,4;-0,6%
1324,9;-0,6%
1325,3;-0,6%
1325,8;-0,7%
1326,3;-0,7%
1326,8;-0,7%
1327,3;-0,7%
1327,8;-0,7%
1328,2;-0,7%
1328,7;-0,7%
1329,2;-0,7%
1329,7;-0,7%
1330,2;-0,7%
1330,6;-0,7%
1331,1;-0,7%
1331,6;-0,7%
1332,1;-0,7%
1332,6;-0,7%
1333,1;-0,7%
1333,5;-0,7%
1334,0;-0,6%
1334,5;-0,6%
1335,0;-0,6%
1335,5;-0,6%
1335,9;-0,6%
1336,4;-0,6%
1336,9;-0,6%
1337,4;-0,6%
1337,9;-0,5%
1338,4;-0,5%
1338,8;-0,5%
1339,3;-0,5%
1339,8;-0,4%
1340,3;-0,4%
1340,8;-0,4%
1341,2;-0,4%
1341,7;-0,4%
1342,2;-0,4%
1342,7;-0,4%
1343,2;-0,4%
1343,7;-0,4%
1344,1;-0,4%
1344,6;-0,4%
1345,1;-0,4%
1345,6;-0,3%
1346,1;-0,3%
1346,6;-0,3%
1347,0;-0,3%
1347,5;-0,3%
1348,0;-0,3%
1348,5;-0,2%
1349,0;-0,2%
1349,4;-0,2%
1349,9;-0,2%
1350,4;-0,2%
1350,9;-0,2%
1351,4;-0,2%
1351,9;-0,2%
1352,3;-0,2%
1352,8;-0,2%
1353,3;-0,2%
1353,8;-0,2%
1354,3;-0,2%
1354,7;-0,2%
1355,2;-0,2%
1355,7;-0,2%
1356,2;-0,2%
1356,7;-0,2%
1357,2;-0,2%
1357,6;-0,2%
1358,1;-0,2%
1358,6;-0,2%
1359,1;-0,2%
1359,6;-0,2%
1360,1;-0,2%
1360,5;-0,2%
1361,0;-0,2%
1361,5;-0,1%
1362,0;-0,1%
1362,5;0,0%
1362,9;0,0%
1363,4;0,0%
1363,9;0,1%
1364,4;0,1%
1364,9;0,1%
1365,4;0,1%
1365,8;0,1%
1366,3;0,1%
1366,8;0,1%
1367,3;0,1%
1367,8;0,1%
1368,2;0,1%
1368,7;0,1%
1369,2;0,1%
1369,7;0,1%
1370,2;0,0%
1370,7;0,0%
1371,1;-0,1%
1371,6;-0,1%
1372,1;-0,2%
1372,6;-0,2%
1373,1;-0,2%
1373,6;-0,2%
1374,0;-0,2%
1374,5;-0,2%
1375,0;-0,2%
1375,5;-0,2%
1376,0;-0,2%
1376,4;-0,3%
1376,9;-0,3%
1377,4;-0,3%
1377,9;-0,4%
1378,4;-0,4%
1378,9;-0,4%
1379,3;-0,5%
1379,8;-0,5%
1380,3;-0,5%
1380,8;-0,6%
1381,3;-0,6%
1381,7;-0,6%
1382,2;-0,6%
1382,7;-0,7%
1383,2;-0,7%
1383,7;-0,7%
1384,2;-0,7%
1384,6;-0,7%
1385,1;-0,8%
1385,6;-0,7%
1386,1;-0,7%
1386,6;-0,7%
1387,1;-0,7%
1387,5;-0,7%
1388,0;-0,7%
1388,5;-0,7%
1389,0;-0,7%
1389,5;-0,7%
1389,9;-0,7%
1390,4;-0,7%
1390,9;-0,7%
1391,4;-0,8%
1391,9;-0,8%
1392,4;-0,8%
1392,8;-0,8%
1393,3;-0,8%
1393,8;-0,8%
1394,3;-0,7%
1394,8;-0,7%
1395,2;-0,7%
1395,7;-0,7%
1396,2;-0,7%
1396,7;-0,7%
1397,2;-0,7%
1397,7;-0,7%
1398,1;-0,7%
1398,6;-0,7%
1399,1;-0,7%
1399,6;-0,6%
1400,1;-0,6%
1400,5;-0,7%
1401,0;-0,7%
1401,5;-0,7%
1402,0;-0,7%
1402,5;-0,7%
1403,0;-0,7%
1403,4;-0,7%
1403,9;-0,7%
1404,4;-0,7%
1404,9;-0,7%
1405,4;-0,6%
1405,9;-0,6%
1406,3;-0,6%
1406,8;-0,6%
1407,3;-0,6%
1407,8;-0,7%
1408,3;-0,7%
1408,7;-0,7%
1409,2;-0,7%
1409,7;-0,7%
1410,2;-0,6%
1410,7;-0,6%
1411,2;-0,6%
1411,6;-0,6%
1412,1;-0,6%
1412,6;-0,6%
1413,1;-0,6%
1413,6;-0,6%
1414,0;-0,6%
1414,5;-0,6%
1415,0;-0,7%
1415,5;-0,7%
1416,0;-0,7%
1416,5;-0,7%
1416,9;-0,7%
1417,4;-0,6%
1417,9;-0,6%
1418,4;-0,5%
1418,9;-0,5%
1419,4;-0,4%
1419,8;-0,4%
1420,3;-0,4%
1420,8;-0,4%
1421,3;-0,4%
1421,8;-0,4%
1422,2;-0,4%
1422,7;-0,4%
1423,2;-0,4%
1423,7;-0,3%
1424,2;-0,3%
1424,7;-0,3%
1425,1;-0,2%
1425,6;-0,2%
1426,1;-0,2%
1426,6;-0,2%
1427,1;-0,1%
1427,5;-0,1%
1428,0;-0,1%
1428,5;0,0%
1429,0;0,1%
1429,5;0,2%
1430,0;0,2%
1430,4;0,3%
1430,9;0,4%
1431,4;0,4%
1431,9;0,5%
1432,4;0,5%
1432,9;0,5%
1433,3;0,5%
1433,8;0,6%
1434,3;0,6%
1434,8;0,6%
1435,3;0,7%
1435,7;0,8%
1436,2;0,9%
1436,7;1,0%
1437,2;1,1%
1437,7;1,2%
1438,2;1,2%
1438,6;1,2%
1439,1;1,2%
1439,6;1,2%
1440,1;1,2%
1440,6;1,2%
1441,0;1,3%
1441,5;1,3%
1442,0;1,3%
1442,5;1,4%
1443,0;1,4%
1443,5;1,4%
1443,9;1,4%
1444,4;1,4%
1444,9;1,5%
1445,4;1,5%
1445,9;1,5%
1446,4;1,6%
1446,8;1,7%
1447,3;1,8%
1447,8;1,8%
1448,3;1,9%
1448,8;2,0%
1449,2;2,1%
1449,7;2,2%
1450,2;2,3%
1450,7;2,4%
1451,2;2,6%
1451,7;2,7%
1452,1;2,9%
1452,6;3,1%
1453,1;3,3%
1453,6;3,4%
1454,1;3,6%
1454,5;3,7%
1455,0;4,0%
1455,5;4,3%
1456,0;4,8%
1456,5;5,5%
1457,0;6,3%
1457,4;7,3%
1457,9;8,4%
1458,4;9,6%
1458,9;10,8%
1459,4;12,0%
1459,9;13,2%
1460,3;14,3%
1460,8;15,2%
1461,3;15,8%
1461,8;16,1%
1462,3;16,0%
1462,7;15,4%
1463,2;14,6%
1463,7;13,4%
1464,2;12,2%
1464,7;11,1%
1465,2;10,2%
1465,6;9,5%
1466,1;9,1%
1466,6;8,8%
1467,1;8,6%
1467,6;8,5%
1468,0;8,4%
1468,5;8,3%
1469,0;8,4%
1469,5;8,6%
1470,0;8,9%
1470,5;9,4%
1470,9;10,1%
1471,4;10,7%
1471,9;11,0%
1472,4;10,9%
1472,9;10,3%
1473,3;9,3%
1473,8;8,1%
1474,3;6,7%
1474,8;5,4%
1475,3;4,3%
1475,8;3,2%
1476,2;2,4%
1476,7;1,8%
1477,2;1,3%
1477,7;0,9%
1478,2;0,7%
1478,7;0,5%
1479,1;0,3%
1479,6;0,2%
1480,1;0,1%
1480,6;0,0%
1481,1;0,0%
1481,5;-0,1%
1482,0;-0,1%
1482,5;-0,2%
1483,0;-0,2%
1483,5;-0,3%
1484,0;-0,4%
1484,4;-0,4%
1484,9;-0,4%
1485,4;-0,5%
1485,9;-0,5%
1486,4;-0,5%
1486,8;-0,5%
1487,3;-0,5%
1487,8;-0,5%
1488,3;-0,5%
1488,8;-0,5%
1489,3;-0,4%
1489,7;-0,4%
1490,2;-0,4%
1490,7;-0,4%
1491,2;-0,4%
1491,7;-0,5%
1492,2;-0,5%
1492,6;-0,6%
1493,1;-0,6%
1493,6;-0,7%
1494,1;-0,7%
1494,6;-0,7%
1495,0;-0,7%
1495,5;-0,7%
1496,0;-0,7%
1496,5;-0,6%
1497,0;-0,6%
1497,5;-0,6%
1497,9;-0,6%
1498,4;-0,6%
1498,9;-0,6%
1499,4;-0,6%
1499,9;-0,6%
1500,3;-0,7%
1500,8;-0,7%
1501,3;-0,7%
1501,8;-0,8%
1502,3;-0,8%
1502,8;-0,9%
1503,2;-0,9%
1503,7;-1,0%
1504,2;-1,0%
1504,7;-1,0%
1505,2;-1,0%
1505,7;-0,9%
1506,1;-0,8%
1506,6;-0,6%
1507,1;-0,5%
1507,6;-0,5%
1508,1;-0,5%
1508,5;-0,5%
1509,0;-0,6%
1509,5;-0,6%
1510,0;-0,7%
1510,5;-0,7%
1511,0;-0,7%
1511,4;-0,8%
1511,9;-0,8%
1512,4;-0,8%
1512,9;-0,8%
1513,4;-0,9%
1513,8;-0,9%
1514,3;-0,9%
1514,8;-0,9%
1515,3;-0,9%
1515,8;-0,9%
1516,3;-0,8%
1516,7;-0,8%
1517,2;-0,8%
1517,7;-0,8%
1518,2;-0,9%
1518,7;-0,9%
1519,2;-0,9%
1519,6;-0,9%
1520,1;-0,9%
1520,6;-0,9%
1521,1;-0,8%
1521,6;-0,8%
1522,0;-0,7%
1522,5;-0,7%
1523,0;-0,8%
1523,5;-0,8%
1524,0;-0,8%
1524,5;-0,8%
1524,9;-0,8%
1525,4;-0,8%
1525,9;-0,8%
1526,4;-0,8%
1526,9;-0,8%
1527,3;-0,8%
1527,8;-0,8%
1528,3;-0,8%
1528,8;-0,8%
1529,3;-0,9%
1529,8;-0,9%
1530,2;-1,0%
1530,7;-1,0%
1531,2;-1,0%
1531,7;-1,0%
1532,2;-1,0%
1532,6;-0,9%
1533,1;-0,8%
1533,6;-0,8%
1534,1;-0,8%
1534,6;-0,8%
1535,1;-0,8%
1535,5;-0,9%
1536,0;-1,0%
1536,5;-1,0%
1537,0;-1,1%
1537,5;-1,1%
1538,0;-1,1%
1538,4;-1,1%
1538,9;-1,0%
1539,4;-0,9%
1539,9;-0,8%
1540,4;-0,7%
1540,8;-0,7%
1541,3;-0,7%
1541,8;-0,7%
1542,3;-0,7%
1542,8;-0,7%
1543,3;-0,7%
1543,7;-0,7%
1544,2;-0,7%
1544,7;-0,7%
1545,2;-0,7%
1545,7;-0,8%
1546,1;-0,8%
1546,6;-0,8%
1547,1;-0,9%
1547,6;-0,9%
1548,1;-0,9%
1548,6;-0,9%
1549,0;-0,9%
1549,5;-0,9%
1550,0;-0,9%
1550,5;-0,9%
1551,0;-0,9%
1551,5;-0,9%
1551,9;-1,0%
1552,4;-1,0%
1552,9;-1,0%
1553,4;-1,0%
1553,9;-1,0%
1554,3;-1,0%
1554,8;-1,0%
1555,3;-1,0%
1555,8;-1,1%
1556,3;-1,2%
1556,8;-1,2%
1557,2;-1,2%
1557,7;-1,0%
1558,2;-0,8%
1558,7;-0,6%
1559,2;-0,5%
1559,6;-0,5%
1560,1;-0,5%
1560,6;-0,6%
1561,1;-0,7%
1561,6;-0,8%
1562,1;-0,8%
1562,5;-0,9%
1563,0;-0,9%
1563,5;-0,9%
1564,0;-0,9%
1564,5;-0,9%
1565,0;-0,9%
1565,4;-0,9%
1565,9;-0,9%
1566,4;-1,0%
1566,9;-1,0%
1567,4;-1,0%
1567,8;-1,0%
1568,3;-0,9%
1568,8;-0,9%
1569,3;-0,8%
1569,8;-0,8%
1570,3;-0,8%
1570,7;-0,8%
1571,2;-0,8%
1571,7;-0,9%
1572,2;-0,9%
1572,7;-1,0%
1573,1;-1,0%
1573,6;-1,0%
1574,1;-1,0%
1574,6;-1,0%
1575,1;-0,9%
1575,6;-0,9%
1576,0;-0,8%
1576,5;-0,7%
1577,0;-0,7%
1577,5;-0,7%
1578,0;-0,7%
1578,5;-0,8%
1578,9;-0,8%
1579,4;-0,8%
1579,9;-0,9%
1580,4;-0,9%
1580,9;-0,9%
1581,3;-0,9%
1581,8;-0,9%
1582,3;-0,9%
1582,8;-0,9%
1583,3;-0,9%
1583,8;-0,9%
1584,2;-0,9%
1584,7;-0,9%
1585,2;-0,9%
1585,7;-0,9%
1586,2;-0,9%
1586,6;-0,9%
1587,1;-0,9%
1587,6;-0,9%
1588,1;-0,9%
1588,6;-0,9%
1589,1;-0,9%
1589,5;-0,9%
1590,0;-0,9%
1590,5;-0,9%
1591,0;-0,9%
1591,5;-0,9%
1592,0;-0,9%
1592,4;-0,9%
1592,9;-0,9%
1593,4;-0,9%
1593,9;-0,9%
1594,4;-0,9%
1594,8;-0,9%
1595,3;-0,9%
1595,8;-0,9%
1596,3;-0,9%
1596,8;-0,9%
1597,3;-0,9%
1597,7;-0,9%
1598,2;-0,9%
1598,7;-0,9%
1599,2;-0,9%
1599,7;-0,9%
1600,1;-0,9%
1600,6;-0,9%
1601,1;-0,9%
1601,6;-0,9%
1602,1;-0,9%
1602,6;-0,9%
1603,0;-0,9%
1603,5;-0,9%
1604,0;-0,9%
1604,5;-0,9%
1605,0;-0,9%
1605,4;-0,9%
1605,9;-0,9%
1606,4;-0,9%
1606,9;-0,9%
1607,4;-0,9%
1607,9;-0,9%
1608,3;-0,9%
1608,8;-0,9%
1609,3;-0,9%
1609,8;-0,9%
1610,3;-0,9%
1610,8;-0,9%
1611,2;-0,9%
1611,7;-0,9%
1612,2;-0,9%
1612,7;-1,0%
1613,2;-1,0%
1613,6;-1,0%
1614,1;-1,0%
1614,6;-1,0%
1615,1;-1,0%
1615,6;-1,0%
1616,1;-0,9%
1616,5;-0,8%
1617,0;-0,8%
1617,5;-0,8%
1618,0;-0,8%
1618,5;-0,8%
1618,9;-0,9%
1619,4;-0,9%
1619,9;-1,0%
1620,4;-1,0%
1620,9;-1,0%
1621,4;-1,0%
1621,8;-1,0%
1622,3;-0,9%
1622,8;-0,9%
1623,3;-0,9%
1623,8;-0,9%
1624,3;-0,9%
1624,7;-0,9%
1625,2;-0,9%
1625,7;-0,9%
1626,2;-0,9%
1626,7;-0,9%
1627,1;-0,9%
1627,6;-0,9%
1628,1;-0,9%
1628,6;-0,9%
1629,1;-0,9%
1629,6;-0,9%
1630,0;-0,9%
1630,5;-0,9%
1631,0;-1,0%
1631,5;-1,0%
1632,0;-1,0%
1632,4;-1,1%
1632,9;-1,1%
1633,4;-1,1%
1633,9;-1,1%
1634,4;-1,0%
1634,9;-1,0%
1635,3;-0,9%
1635,8;-0,8%
1636,3;-0,7%
1636,8;-0,7%
1637,3;-0,8%
1637,8;-0,8%
1638,2;-0,8%
1638,7;-0,9%
1639,2;-0,9%
1639,7;-0,9%
1640,2;-0,9%
1640,6;-0,9%
1641,1;-1,0%
1641,6;-1,0%
1642,1;-1,0%
1642,6;-1,0%
1643,1;-1,1%
1643,5;-1,1%
1644,0;-1,1%
1644,5;-1,1%
1645,0;-1,1%
1645,5;-1,1%
1645,9;-1,0%
1646,4;-0,9%
1646,9;-0,8%
1647,4;-0,8%
1647,9;-0,8%
1648,4;-0,9%
1648,8;-0,9%
1649,3;-1,0%
1649,8;-1,1%
1650,3;-1,2%
1650,8;-1,2%
1651,3;-1,3%
1651,7;-1,2%
1652,2;-1,0%
1652,7;-0,8%
1653,2;-0,7%
1653,7;-0,6%
1654,1;-0,6%
1654,6;-0,7%
1655,1;-0,7%
1655,6;-0,8%
1656,1;-0,9%
1656,6;-0,9%
1657,0;-0,9%
1657,5;-1,0%
1658,0;-1,0%
1658,5;-1,0%
1659,0;-1,0%
1659,4;-1,1%
1659,9;-1,1%
1660,4;-1,1%
1660,9;-1,1%
1661,4;-1,0%
1661,9;-1,0%
1662,3;-1,0%
1662,8;-0,9%
1663,3;-0,9%
1663,8;-0,9%
1664,3;-1,0%
1664,7;-1,0%
1665,2;-1,0%
1665,7;-1,1%
1666,2;-1,1%
1666,7;-1,2%
1667,2;-1,2%
1667,6;-1,1%
1668,1;-1,1%
1668,6;-1,1%
1669,1;-1,0%
1669,6;-1,0%
1670,1;-0,9%
1670,5;-0,9%
1671,0;-1,0%
1671,5;-1,0%
1672,0;-1,0%
1672,5;-1,1%
1672,9;-1,1%
1673,4;-1,1%
1673,9;-1,1%
1674,4;-1,1%
1674,9;-1,0%
1675,4;-1,0%
1675,8;-0,9%
1676,3;-1,0%
1676,8;-1,0%
1677,3;-1,0%
1677,8;-1,1%
1678,2;-1,1%
1678,7;-1,1%
1679,2;-1,1%
1679,7;-1,2%
1680,2;-1,2%
1680,7;-1,2%
1681,1;-1,3%
1681,6;-1,3%
1682,1;-1,3%
1682,6;-1,2%
1683,1;-1,1%
1683,6;-1,0%
1684,0;-0,9%
1684,5;-0,8%
1685,0;-0,8%
1685,5;-0,9%
1686,0;-0,9%
1686,4;-1,0%
1686,9;-1,0%
1687,4;-1,0%
1687,9;-1,1%
1688,4;-1,1%
1688,9;-1,1%
1689,3;-1,0%
1689,8;-1,0%
1690,3;-1,1%
1690,8;-1,1%
1691,3;-1,1%
1691,7;-1,1%
1692,2;-1,2%
1692,7;-1,2%
1693,2;-1,3%
1693,7;-1,3%
1694,2;-1,3%
1694,6;-1,2%
1695,1;-1,1%
1695,6;-1,1%
1696,1;-1,1%
1696,6;-1,1%
1697,1;-1,1%
1697,5;-1,2%
1698,0;-1,2%
1698,5;-1,2%
1699,0;-1,2%
1699,5;-1,1%
1699,9;-1,0%
1700,4;-0,9%
1700,9;-0,9%
1701,4;-0,9%
1701,9;-1,0%
1702,4;-1,0%
1702,8;-1,1%
1703,3;-1,1%
1703,8;-1,1%
1704,3;-1,1%
1704,8;-1,1%
1705,2;-1,1%
1705,7;-1,0%
1706,2;-1,0%
1706,7;-1,0%
1707,2;-1,0%
1707,7;-1,0%
1708,1;-1,1%
1708,6;-1,1%
1709,1;-1,1%
1709,6;-1,1%
1710,1;-1,1%
1710,6;-1,1%
1711,0;-1,1%
1711,5;-1,2%
1712,0;-1,2%
1712,5;-1,2%
1713,0;-1,2%
1713,4;-1,2%
1713,9;-1,2%
1714,4;-1,2%
1714,9;-1,2%
1715,4;-1,2%
1715,9;-1,2%
1716,3;-1,1%
1716,8;-1,0%
1717,3;-1,0%
1717,8;-0,9%
1718,3;-0,9%
1718,7;-0,9%
1719,2;-0,9%
1719,7;-1,0%
1720,2;-1,0%
1720,7;-1,1%
1721,2;-1,1%
1721,6;-1,1%
1722,1;-1,1%
1722,6;-1,1%
1723,1;-1,1%
1723,6;-1,1%
1724,1;-1,1%
1724,5;-1,1%
1725,0;-1,1%
1725,5;-1,1%
1726,0;-1,2%
1726,5;-1,2%
1726,9;-1,2%
1727,4;-1,2%
1727,9;-1,2%
1728,4;-1,2%
1728,9;-1,2%
1729,4;-1,2%
1729,8;-1,2%
1730,3;-1,2%
1730,8;-1,2%
1731,3;-1,3%
1731,8;-1,3%
1732,2;-1,3%
1732,7;-1,2%
1733,2;-1,1%
1733,7;-1,0%
1734,2;-0,9%
1734,7;-0,9%
1735,1;-0,9%
1735,6;-1,0%
1736,1;-1,1%
1736,6;-1,1%
1737,1;-1,2%
1737,5;-1,2%
1738,0;-1,2%
1738,5;-1,2%
1739,0;-1,1%
1739,5;-1,1%
1740,0;-1,1%
1740,4;-1,1%
1740,9;-1,1%
1741,4;-1,1%
1741,9;-1,1%
1742,4;-1,1%
1742,9;-1,1%
1743,3;-1,1%
1743,8;-1,1%
1744,3;-1,1%
1744,8;-1,2%
1745,3;-1,2%
1745,7;-1,2%
1746,2;-1,2%
1746,7;-1,2%
1747,2;-1,2%
1747,7;-1,2%
1748,2;-1,2%
1748,6;-1,2%
1749,1;-1,1%
1749,6;-1,1%
1750,1;-1,1%
1750,6;-1,1%
1751,0;-1,0%
1751,5;-1,0%
1752,0;-1,0%
1752,5;-1,1%
1753,0;-1,1%
1753,5;-1,2%
1753,9;-1,2%
1754,4;-1,2%
1754,9;-1,2%
1755,4;-1,2%
1755,9;-1,2%
1756,4;-1,2%
1756,8;-1,1%
1757,3;-1,1%
1757,8;-1,1%
1758,3;-1,2%
1758,8;-1,2%
1759,2;-1,2%
1759,7;-1,2%
1760,2;-1,2%
1760,7;-1,2%
1761,2;-1,1%
1761,7;-1,1%
1762,1;-1,1%
1762,6;-1,1%
1763,1;-1,1%
1763,6;-1,1%
1764,1;-1,2%
1764,5;-1,2%
1765,0;-1,2%
1765,5;-1,3%
1766,0;-1,3%
1766,5;-1,3%
1767,0;-1,2%
1767,4;-1,2%
1767,9;-1,2%
1768,4;-1,2%
1768,9;-1,3%
1769,4;-1,3%
1769,9;-1,3%
1770,3;-1,3%
1770,8;-1,2%
1771,3;-1,2%
1771,8;-1,1%
1772,3;-1,1%
1772,7;-1,1%
1773,2;-1,1%
1773,7;-1,1%
1774,2;-1,1%
1774,7;-1,1%
1775,2;-1,1%
1775,6;-1,2%
1776,1;-1,2%
1776,6;-1,2%
1777,1;-1,2%
1777,6;-1,2%
1778,0;-1,2%
1778,5;-1,2%
1779,0;-1,2%
1779,5;-1,2%
1780,0;-1,2%
1780,5;-1,2%
1780,9;-1,2%
1781,4;-1,2%
1781,9;-1,2%
1782,4;-1,2%
1782,9;-1,2%
1783,4;-1,2%
1783,8;-1,2%
1784,3;-1,2%
1784,8;-1,2%
1785,3;-1,2%
1785,8;-1,2%
1786,2;-1,2%
1786,7;-1,2%
1787,2;-1,2%
1787,7;-1,2%
1788,2;-1,3%
1788,7;-1,3%
1789,1;-1,3%
1789,6;-1,3%
1790,1;-1,3%
1790,6;-1,3%
1791,1;-1,2%
1791,5;-1,2%
1792,0;-1,1%
1792,5;-1,1%
1793,0;-1,1%
1793,5;-1,1%
1794,0;-1,1%
1794,4;-1,2%
1794,9;-1,2%
1795,4;-1,2%
1795,9;-1,2%
1796,4;-1,2%
1796,8;-1,2%
1797,3;-1,2%
1797,8;-1,2%
1798,3;-1,2%
1798,8;-1,2%
1799,3;-1,2%
1799,7;-1,2%
1800,2;-1,2%
1800,7;-1,2%
1801,2;-1,2%
1801,7;-1,2%
1802,2;-1,2%
1802,6;-1,2%
1803,1;-1,2%
1803,6;-1,2%
1804,1;-1,2%
1804,6;-1,2%
1805,0;-1,2%
1805,5;-1,2%
1806,0;-1,2%
1806,5;-1,2%
1807,0;-1,3%
1807,5;-1,3%
1807,9;-1,3%
1808,4;-1,3%
1808,9;-1,3%
1809,4;-1,3%
1809,9;-1,2%
1810,3;-1,2%
1810,8;-1,2%
1811,3;-1,2%
1811,8;-1,2%
1812,3;-1,2%
1812,8;-1,2%
1813,2;-1,2%
1813,7;-1,2%
1814,2;-1,3%
1814,7;-1,3%
1815,2;-1,3%
1815,7;-1,3%
1816,1;-1,3%
1816,6;-1,3%
1817,1;-1,2%
1817,6;-1,2%
1818,1;-1,2%
1818,5;-1,2%
1819,0;-1,2%
1819,5;-1,2%
1820,0;-1,2%
1820,5;-1,2%
1821,0;-1,3%
1821,4;-1,3%
1821,9;-1,3%
1822,4;-1,3%
1822,9;-1,3%
1823,4;-1,3%
1823,8;-1,3%
1824,3;-1,2%
1824,8;-1,2%
1825,3;-1,2%
1825,8;-1,2%
1826,3;-1,2%
1826,7;-1,3%
1827,2;-1,3%
1827,7;-1,3%
1828,2;-1,3%
1828,7;-1,3%
1829,2;-1,2%
1829,6;-1,2%
1830,1;-1,2%
1830,6;-1,2%
1831,1;-1,2%
1831,6;-1,2%
1832,0;-1,2%
1832,5;-1,2%
1833,0;-1,3%
1833,5;-1,3%
1834,0;-1,3%
1834,5;-1,3%
1834,9;-1,3%
1835,4;-1,3%
1835,9;-1,3%
1836,4;-1,3%
1836,9;-1,3%
1837,3;-1,3%
1837,8;-1,3%
1838,3;-1,3%
1838,8;-1,3%
1839,3;-1,3%
1839,8;-1,3%
1840,2;-1,3%
1840,7;-1,4%
1841,2;-1,4%
1841,7;-1,4%
1842,2;-1,4%
1842,7;-1,3%
1843,1;-1,3%
1843,6;-1,3%
1844,1;-1,2%
1844,6;-1,2%
1845,1;-1,2%
1845,5;-1,2%
1846,0;-1,2%
1846,5;-1,2%
1847,0;-1,3%
1847,5;-1,3%
1848,0;-1,3%
1848,4;-1,3%
1848,9;-1,3%
1849,4;-1,3%
1849,9;-1,3%
1850,4;-1,3%
1850,8;-1,3%
1851,3;-1,3%
1851,8;-1,3%
1852,3;-1,3%
1852,8;-1,3%
1853,3;-1,3%
1853,7;-1,3%
1854,2;-1,3%
1854,7;-1,3%
1855,2;-1,3%
1855,7;-1,3%
1856,2;-1,3%
1856,6;-1,3%
1857,1;-1,3%
1857,6;-1,3%
1858,1;-1,3%
1858,6;-1,3%
1859,0;-1,3%
1859,5;-1,3%
1860,0;-1,3%
1860,5;-1,3%
1861,0;-1,3%
1861,5;-1,3%
1861,9;-1,3%
1862,4;-1,3%
1862,9;-1,3%
1863,4;-1,3%
1863,9;-1,3%
1864,3;-1,3%
1864,8;-1,3%
1865,3;-1,3%
1865,8;-1,3%
1866,3;-1,3%
1866,8;-1,3%
1867,2;-1,3%
1867,7;-1,2%
1868,2;-1,2%
1868,7;-1,2%
1869,2;-1,1%
1869,6;-1,1%
1870,1;-1,1%
1870,6;-1,2%
1871,1;-1,2%
1871,6;-1,2%
1872,1;-1,2%
1872,5;-1,2%
1873,0;-1,3%
1873,5;-1,3%
1874,0;-1,3%
1874,5;-1,3%
1875,0;-1,3%
1875,4;-1,3%
1875,9;-1,3%
1876,4;-1,3%
1876,9;-1,3%
1877,4;-1,3%
1877,8;-1,3%
1878,3;-1,3%
1878,8;-1,3%
1879,3;-1,3%
1879,8;-1,3%
1880,3;-1,3%
1880,7;-1,3%
1881,2;-1,3%
1881,7;-1,3%
1882,2;-1,3%
1882,7;-1,3%
1883,1;-1,3%
1883,6;-1,3%
1884,1;-1,3%
1884,6;-1,3%
1885,1;-1,3%
1885,6;-1,3%
1886,0;-1,3%
1886,5;-1,3%
1887,0;-1,3%
1887,5;-1,3%
1888,0;-1,3%
1888,5;-1,2%
1888,9;-1,2%
1889,4;-1,2%
1889,9;-1,2%
1890,4;-1,2%
1890,9;-1,2%
1891,3;-1,2%
1891,8;-1,2%
1892,3;-1,2%
1892,8;-1,2%
1893,3;-1,2%
1893,8;-1,2%
1894,2;-1,2%
1894,7;-1,2%
1895,2;-1,2%
1895,7;-1,2%
1896,2;-1,2%
1896,6;-1,2%
1897,1;-1,2%
1897,6;-1,2%
1898,1;-1,2%
1898,6;-1,2%
1899,1;-1,2%
1899,5;-1,2%
1900,0;-1,2%
1900,5;-1,3%
1901,0;-1,3%
1901,5;-1,3%
1902,0;-1,3%
1902,4;-1,3%
1902,9;-1,3%
1903,4;-1,3%
1903,9;-1,3%
1904,4;-1,3%
1904,8;-1,3%
1905,3;-1,3%
1905,8;-1,3%
1906,3;-1,3%
1906,8;-1,3%
1907,3;-1,3%
1907,7;-1,3%
1908,2;-1,3%
1908,7;-1,3%
1909,2;-1,3%
1909,7;-1,3%
1910,1;-1,2%
1910,6;-1,3%
1911,1;-1,3%
1911,6;-1,3%
1912,1;-1,3%
1912,6;-1,3%
1913,0;-1,3%
1913,5;-1,3%
1914,0;-1,3%
1914,5;-1,3%
1915,0;-1,3%
1915,5;-1,3%
1915,9;-1,3%
1916,4;-1,3%
1916,9;-1,3%
1917,4;-1,3%
1917,9;-1,3%
1918,3;-1,3%
1918,8;-1,3%
1919,3;-1,3%
1919,8;-1,3%
1920,3;-1,3%
1920,8;-1,3%
1921,2;-1,3%
1921,7;-1,3%
1922,2;-1,3%
1922,7;-1,3%
1923,2;-1,3%
1923,6;-1,3%
1924,1;-1,3%
1924,6;-1,3%
1925,1;-1,3%
1925,6;-1,3%
1926,1;-1,3%
1926,5;-1,3%
1927,0;-1,3%
1927,5;-1,3%
1928,0;-1,3%
1928,5;-1,4%
1928,9;-1,3%
1929,4;-1,3%
1929,9;-1,3%
1930,4;-1,3%
1930,9;-1,3%
1931,4;-1,3%
1931,8;-1,3%
1932,3;-1,3%
1932,8;-1,3%
1933,3;-1,3%
1933,8;-1,3%
1934,3;-1,3%
1934,7;-1,3%
1935,2;-1,3%
1935,7;-1,3%
1936,2;-1,3%
1936,7;-1,3%
1937,1;-1,3%
1937,6;-1,3%
1938,1;-1,3%
1938,6;-1,3%
1939,1;-1,3%
1939,6;-1,3%
1940,0;-1,3%
1940,5;-1,3%
1941,0;-1,3%
1941,5;-1,3%
1942,0;-1,3%
1942,4;-1,2%
1942,9;-1,2%
1943,4;-1,2%
1943,9;-1,2%
1944,4;-1,2%
1944,9;-1,3%
1945,3;-1,3%
1945,8;-1,3%
1946,3;-1,3%
1946,8;-1,3%
1947,3;-1,3%
1947,8;-1,3%
1948,2;-1,4%
1948,7;-1,4%
1949,2;-1,4%
1949,7;-1,4%
1950,2;-1,4%
1950,6;-1,4%
1951,1;-1,4%
1951,6;-1,3%
1952,1;-1,3%
1952,6;-1,3%
1953,1;-1,3%
1953,5;-1,3%
1954,0;-1,3%
1954,5;-1,3%
1955,0;-1,3%
1955,5;-1,3%
1955,9;-1,3%
1956,4;-1,3%
1956,9;-1,3%
1957,4;-1,3%
1957,9;-1,3%
1958,4;-1,3%
1958,8;-1,3%
1959,3;-1,3%
1959,8;-1,2%
1960,3;-1,2%
1960,8;-1,2%
1961,3;-1,2%
1961,7;-1,2%
1962,2;-1,2%
1962,7;-1,2%
1963,2;-1,3%
1963,7;-1,3%
1964,1;-1,3%
1964,6;-1,3%
1965,1;-1,3%
1965,6;-1,3%
1966,1;-1,3%
1966,6;-1,2%
1967,0;-1,2%
1967,5;-1,2%
1968,0;-1,2%
1968,5;-1,2%
1969,0;-1,2%
1969,4;-1,2%
1969,9;-1,2%
1970,4;-1,2%
1970,9;-1,2%
1971,4;-1,2%
1971,9;-1,2%
1972,3;-1,3%
1972,8;-1,3%
1973,3;-1,3%
1973,8;-1,3%
1974,3;-1,3%
1974,8;-1,3%
1975,2;-1,2%
1975,7;-1,2%
1976,2;-1,2%
1976,7;-1,2%
1977,2;-1,1%
1977,6;-1,1%
1978,1;-1,1%
1978,6;-1,1%
1979,1;-1,1%
1979,6;-1,1%
1980,1;-1,1%
1980,5;-1,1%
1981,0;-1,1%
1981,5;-1,1%
1982,0;-1,1%
1982,5;-1,1%
1982,9;-1,1%
1983,4;-1,1%
1983,9;-1,1%
1984,4;-1,2%
1984,9;-1,2%
1985,4;-1,2%
1985,8;-1,2%
1986,3;-1,3%
1986,8;-1,3%
1987,3;-1,3%
1987,8;-1,2%
1988,3;-1,2%
1988,7;-1,3%
1989,2;-1,3%
1989,7;-1,3%
1990,2;-1,3%
1990,7;-1,3%
1991,1;-1,3%
1991,6;-1,2%
1992,1;-1,2%
1992,6;-1,2%
1993,1;-1,2%
1993,6;-1,3%
1994,0;-1,3%
1994,5;-1,3%
1995,0;-1,3%
1995,5;-1,3%
1996,0;-1,3%
1996,4;-1,3%
1996,9;-1,3%
1997,4;-1,3%
1997,9;-1,3%
1998,4;-1,3%
1998,9;-1,3%
1999,3;-1,3%
1999,8;-1,3%
2000,3;-1,3%
2000,8;-1,3%
2001,3;-1,3%
2001,7;-1,3%
2002,2;-1,3%
2002,7;-1,3%
2003,2;-1,3%
2003,7;-1,3%
2004,2;-1,3%
2004,6;-1,3%
2005,1;-1,2%
2005,6;-1,2%
2006,1;-1,2%
2006,6;-1,2%
2007,1;-1,2%
2007,5;-1,2%
2008,0;-1,2%
2008,5;-1,2%
2009,0;-1,2%
2009,5;-1,2%
2009,9;-1,2%
2010,4;-1,2%
2010,9;-1,2%
2011,4;-1,2%
2011,9;-1,2%
2012,4;-1,2%
2012,8;-1,2%
2013,3;-1,2%
2013,8;-1,2%
2014,3;-1,2%
2014,8;-1,2%
2015,2;-1,2%
2015,7;-1,2%
2016,2;-1,2%
2016,7;-1,2%
2017,2;-1,1%
2017,7;-1,1%
2018,1;-1,1%
2018,6;-1,1%
2019,1;-1,1%
2019,6;-1,1%
2020,1;-1,1%
2020,6;-1,1%
2021,0;-1,1%
2021,5;-1,1%
2022,0;-1,1%
2022,5;-1,1%
2023,0;-1,1%
2023,4;-1,1%
2023,9;-1,1%
2024,4;-1,1%
2024,9;-1,1%
2025,4;-1,1%
2025,9;-1,1%
2026,3;-1,1%
2026,8;-1,0%
2027,3;-1,0%
2027,8;-1,0%
2028,3;-1,0%
2028,7;-1,0%
2029,2;-1,0%
2029,7;-1,1%
2030,2;-1,1%
2030,7;-1,1%
2031,2;-1,1%
2031,6;-1,1%
2032,1;-1,1%
2032,6;-1,1%
2033,1;-1,0%
2033,6;-1,0%
2034,1;-1,0%
2034,5;-1,0%
2035,0;-1,0%
2035,5;-1,0%
2036,0;-1,0%
2036,5;-1,0%
2036,9;-1,0%
2037,4;-1,0%
2037,9;-1,1%
2038,4;-1,1%
2038,9;-1,1%
2039,4;-1,1%
2039,8;-1,1%
2040,3;-1,1%
2040,8;-1,1%
2041,3;-1,1%
2041,8;-1,1%
2042,2;-1,1%
2042,7;-1,1%
2043,2;-1,1%
2043,7;-1,1%
2044,2;-1,1%
2044,7;-1,1%
2045,1;-1,1%
2045,6;-1,1%
2046,1;-1,1%
2046,6;-1,1%
2047,1;-1,0%
2047,6;-1,0%
2048,0;-1,0%
2048,5;-1,0%
2049,0;-1,0%
2049,5;-1,0%
2050,0;-1,0%
2050,4;-1,0%
2050,9;-1,0%
2051,4;-1,1%
2051,9;-1,1%
2052,4;-1,1%
2052,9;-1,2%
2053,3;-1,2%
2053,8;-1,2%
2054,3;-1,2%
2054,8;-1,2%
2055,3;-1,2%
2055,7;-1,1%
2056,2;-1,1%
2056,7;-1,1%
2057,2;-1,2%
2057,7;-1,2%
2058,2;-1,2%
2058,6;-1,2%
2059,1;-1,2%
2059,6;-1,2%
2060,1;-1,2%
2060,6;-1,2%
2061,0;-1,2%
2061,5;-1,2%
2062,0;-1,2%
2062,5;-1,2%
2063,0;-1,2%
2063,5;-1,2%
2063,9;-1,2%
2064,4;-1,2%
2064,9;-1,2%
2065,4;-1,2%
2065,9;-1,2%
2066,4;-1,2%
2066,8;-1,2%
2067,3;-1,2%
2067,8;-1,2%
2068,3;-1,2%
2068,8;-1,2%
2069,2;-1,2%
2069,7;-1,2%
2070,2;-1,2%
2070,7;-1,2%
2071,2;-1,2%
2071,7;-1,2%
2072,1;-1,2%
2072,6;-1,1%
2073,1;-1,1%
2073,6;-1,1%
2074,1;-1,1%
2074,5;-1,1%
2075,0;-1,1%
2075,5;-1,1%
2076,0;-1,1%
2076,5;-1,1%
2077,0;-1,2%
2077,4;-1,2%
2077,9;-1,2%
2078,4;-1,2%
2078,9;-1,2%
2079,4;-1,2%
2079,9;-1,2%
2080,3;-1,2%
2080,8;-1,2%
2081,3;-1,2%
2081,8;-1,2%
2082,3;-1,2%
2082,7;-1,2%
2083,2;-1,2%
2083,7;-1,2%
2084,2;-1,2%
2084,7;-1,2%
2085,2;-1,2%
2085,6;-1,2%
2086,1;-1,2%
2086,6;-1,2%
2087,1;-1,2%
2087,6;-1,2%
2088,0;-1,2%
2088,5;-1,2%
2089,0;-1,2%
2089,5;-1,3%
2090,0;-1,3%
2090,5;-1,3%
2090,9;-1,3%
2091,4;-1,3%
2091,9;-1,3%
2092,4;-1,3%
2092,9;-1,3%
2093,4;-1,3%
2093,8;-1,3%
2094,3;-1,2%
2094,8;-1,2%
2095,3;-1,2%
2095,8;-1,2%
2096,2;-1,2%
2096,7;-1,2%
2097,2;-1,2%
2097,7;-1,2%
2098,2;-1,2%
2098,7;-1,2%
2099,1;-1,2%
2099,6;-1,2%
2100,1;-1,2%
2100,6;-1,2%
2101,1;-1,2%
2101,5;-1,2%
2102,0;-1,2%
2102,5;-1,2%
2103,0;-1,2%
2103,5;-1,2%
2104,0;-1,2%
2104,4;-1,2%
2104,9;-1,2%
2105,4;-1,2%
2105,9;-1,2%
2106,4;-1,2%
2106,9;-1,2%
2107,3;-1,2%
2107,8;-1,2%
2108,3;-1,2%
2108,8;-1,2%
2109,3;-1,2%
2109,7;-1,2%
2110,2;-1,2%
2110,7;-1,2%
2111,2;-1,2%
2111,7;-1,2%
2112,2;-1,2%
2112,6;-1,2%
2113,1;-1,2%
2113,6;-1,2%
2114,1;-1,2%
2114,6;-1,2%
2115,0;-1,2%
2115,5;-1,2%
2116,0;-1,2%
2116,5;-1,2%
2117,0;-1,2%
2117,5;-1,2%
2117,9;-1,2%
2118,4;-1,2%
2118,9;-1,2%
2119,4;-1,2%
2119,9;-1,2%
2120,4;-1,2%
2120,8;-1,2%
2121,3;-1,2%
2121,8;-1,2%
2122,3;-1,2%
2122,8;-1,2%
2123,2;-1,3%
2123,7;-1,3%
2124,2;-1,3%
2124,7;-1,3%
2125,2;-1,3%
2125,7;-1,3%
2126,1;-1,3%
2126,6;-1,3%
2127,1;-1,3%
2127,6;-1,3%
2128,1;-1,3%
2128,5;-1,3%
2129,0;-1,3%
2129,5;-1,3%
2130,0;-1,3%
2130,5;-1,3%
2131,0;-1,4%
2131,4;-1,4%
2131,9;-1,4%
2132,4;-1,4%
2132,9;-1,4%
2133,4;-1,3%
2133,8;-1,3%
2134,3;-1,3%
2134,8;-1,3%
2135,3;-1,3%
2135,8;-1,3%
2136,3;-1,3%
2136,7;-1,3%
2137,2;-1,3%
2137,7;-1,3%
2138,2;-1,3%
2138,7;-1,3%
2139,2;-1,3%
2139,6;-1,3%
2140,1;-1,2%
2140,6;-1,2%
2141,1;-1,2%
2141,6;-1,2%
2142,0;-1,2%
2142,5;-1,2%
2143,0;-1,2%
2143,5;-1,2%
2144,0;-1,2%
2144,5;-1,3%
2144,9;-1,3%
2145,4;-1,3%
2145,9;-1,3%
2146,4;-1,3%
2146,9;-1,3%
2147,3;-1,3%
2147,8;-1,2%
2148,3;-1,2%
2148,8;-1,2%
2149,3;-1,2%
2149,8;-1,2%
2150,2;-1,2%
2150,7;-1,3%
2151,2;-1,3%
2151,7;-1,3%
2152,2;-1,3%
2152,7;-1,3%
2153,1;-1,3%
2153,6;-1,3%
2154,1;-1,3%
2154,6;-1,3%
2155,1;-1,3%
2155,5;-1,3%
2156,0;-1,3%
2156,5;-1,2%
2157,0;-1,2%
2157,5;-1,1%
2158,0;-1,0%
2158,4;-0,9%
2158,9;-0,9%
2159,4;-0,9%
2159,9;-0,8%
2160,4;-0,8%
2160,8;-0,8%
2161,3;-0,9%
2161,8;-0,9%
2162,3;-0,9%
2162,8;-0,9%
2163,3;-0,9%
2163,7;-0,9%
2164,2;-0,9%
2164,7;-0,9%
2165,2;-0,9%
2165,7;-0,9%
2166,2;-0,9%
2166,6;-0,9%
2167,1;-0,9%
2167,6;-1,0%
2168,1;-1,0%
2168,6;-1,0%
2169,0;-1,1%
2169,5;-1,1%
2170,0;-1,1%
2170,5;-1,1%
2171,0;-1,2%
2171,5;-1,2%
2171,9;-1,2%
2172,4;-1,1%
2172,9;-1,1%
2173,4;-1,1%
2173,9;-1,1%
2174,3;-1,1%
2174,8;-1,1%
2175,3;-1,1%
2175,8;-1,0%
2176,3;-1,0%
2176,8;-1,0%
2177,2;-1,1%
2177,7;-1,1%
2178,2;-1,1%
2178,7;-1,1%
2179,2;-1,1%
2179,7;-1,1%
2180,1;-1,1%
2180,6;-1,1%
2181,1;-1,1%
2181,6;-1,1%
2182,1;-1,1%
2182,5;-1,1%
2183,0;-1,0%
2183,5;-1,0%
2184,0;-1,0%
2184,5;-1,0%
2185,0;-1,0%
2185,4;-1,0%
2185,9;-1,0%
2186,4;-1,0%
2186,9;-1,0%
2187,4;-1,0%
2187,8;-1,0%
2188,3;-1,0%
2188,8;-1,0%
2189,3;-1,0%
2189,8;-1,1%
2190,3;-1,1%
2190,7;-1,1%
2191,2;-1,1%
2191,7;-1,1%
2192,2;-1,1%
2192,7;-1,1%
2193,1;-1,1%
2193,6;-1,0%
2194,1;-1,0%
2194,6;-1,0%
2195,1;-1,0%
2195,6;-1,0%
2196,0;-1,0%
2196,5;-1,0%
2197,0;-1,0%
2197,5;-1,0%
2198,0;-1,0%
2198,5;-1,0%
2198,9;-1,1%
2199,4;-1,1%
2199,9;-1,1%
2200,4;-1,1%
2200,9;-1,1%
2201,3;-1,1%
2201,8;-1,2%
2202,3;-1,2%
2202,8;-1,2%
2203,3;-1,2%
2203,8;-1,2%
2204,2;-1,2%
2204,7;-1,1%
2205,2;-1,1%
2205,7;-1,1%
2206,2;-1,1%
2206,6;-1,1%
2207,1;-1,1%
2207,6;-1,1%
2208,1;-1,1%
2208,6;-1,1%
2209,1;-1,1%
2209,5;-1,1%
2210,0;-1,1%
2210,5;-1,1%
2211,0;-1,1%
2211,5;-1,1%
2212,0;-1,1%
2212,4;-1,1%
2212,9;-1,1%
2213,4;-1,1%
2213,9;-1,1%
2214,4;-1,1%
2214,8;-1,1%
2215,3;-1,1%
2215,8;-1,1%
2216,3;-1,1%
2216,8;-1,1%
2217,3;-1,1%
2217,7;-1,1%
2218,2;-1,1%
2218,7;-1,1%
2219,2;-1,1%
2219,7;-1,1%
2220,1;-1,1%
2220,6;-1,1%
2221,1;-1,1%
2221,6;-1,1%
2222,1;-1,1%
2222,6;-1,1%
2223,0;-1,1%
2223,5;-1,1%
2224,0;-1,1%
2224,5;-1,1%
2225,0;-1,1%
2225,5;-1,1%
2225,9;-1,1%
2226,4;-1,1%
2226,9;-1,1%
2227,4;-1,1%
2227,9;-1,1%
2228,3;-1,1%
2228,8;-1,1%
2229,3;-1,1%
2229,8;-1,1%
2230,3;-1,1%
2230,8;-1,1%
2231,2;-1,1%
2231,7;-1,1%
2232,2;-1,1%
2232,7;-1,1%
2233,2;-1,1%
2233,6;-1,1%
2234,1;-1,1%
2234,6;-1,1%
2235,1;-1,1%
2235,6;-1,1%
2236,1;-1,1%
2236,5;-1,1%
2237,0;-1,1%
2237,5;-1,1%
2238,0;-1,1%
2238,5;-1,1%
2239,0;-1,1%
2239,4;-1,1%
2239,9;-1,1%
2240,4;-1,1%
2240,9;-1,1%
2241,4;-1,1%
2241,8;-1,1%
2242,3;-1,1%
2242,8;-1,1%
2243,3;-1,1%
2243,8;-1,1%
2244,3;-1,1%
2244,7;-1,1%
2245,2;-1,1%
2245,7;-1,1%
2246,2;-1,1%
2246,7;-1,1%
2247,1;-1,1%
2247,6;-1,1%
2248,1;-1,1%
2248,6;-1,1%
2249,1;-1,1%
2249,6;-1,1%
2250,0;-1,1%
2250,5;-1,1%
2251,0;-1,1%
2251,5;-1,1%
2252,0;-1,1%
2252,4;-1,1%
2252,9;-1,1%
2253,4;-1,1%
2253,9;-1,1%
2254,4;-1,1%
2254,9;-1,1%
2255,3;-1,1%
2255,8;-1,1%
2256,3;-1,1%
2256,8;-1,1%
2257,3;-1,1%
2257,8;-1,1%
2258,2;-1,1%
2258,7;-1,1%
2259,2;-1,1%
2259,7;-1,1%
2260,2;-1,1%
2260,6;-1,1%
2261,1;-1,1%
2261,6;-1,1%
2262,1;-1,1%
2262,6;-1,1%
2263,1;-1,1%
2263,5;-1,1%
2264,0;-1,1%
2264,5;-1,1%
2265,0;-1,1%
2265,5;-1,1%
2265,9;-1,1%
2266,4;-1,1%
2266,9;-1,1%
2267,4;-1,1%
2267,9;-1,1%
2268,4;-1,1%
2268,8;-1,1%
2269,3;-1,1%
2269,8;-1,1%
2270,3;-1,1%
2270,8;-1,1%
2271,3;-1,1%
2271,7;-1,1%
2272,2;-1,1%
2272,7;-1,1%
2273,2;-1,1%
2273,7;-1,1%
2274,1;-1,1%
2274,6;-1,1%
2275,1;-1,1%
2275,6;-1,1%
2276,1;-1,1%
2276,6;-1,1%
2277,0;-1,1%
2277,5;-1,1%
2278,0;-1,1%
2278,5;-1,1%
2279,0;-1,1%
2279,4;-1,1%
2279,9;-1,1%
2280,4;-1,1%
2280,9;-1,1%
2281,4;-1,1%
2281,9;-1,1%
2282,3;-1,1%
2282,8;-1,1%
2283,3;-1,0%
2283,8;-1,0%
2284,3;-1,0%
2284,8;-1,1%
2285,2;-1,1%
2285,7;-1,1%
2286,2;-1,1%
2286,7;-1,1%
2287,2;-1,1%
2287,6;-1,1%
2288,1;-1,1%
2288,6;-1,1%
2289,1;-1,1%
2289,6;-1,1%
2290,1;-1,1%
2290,5;-1,1%
2291,0;-1,1%
2291,5;-1,1%
2292,0;-1,1%
2292,5;-1,1%
2292,9;-1,1%
2293,4;-1,1%
2293,9;-1,1%
2294,4;-1,1%
2294,9;-1,1%
2295,4;-1,1%
2295,8;-1,1%
2296,3;-1,1%
2296,8;-1,1%
2297,3;-1,1%
2297,8;-1,1%
2298,3;-1,1%
2298,7;-1,1%
2299,2;-1,1%
2299,7;-1,1%
2300,2;-1,1%
2300,7;-1,1%
2301,1;-1,1%
2301,6;-1,1%
2302,1;-1,1%
2302,6;-1,1%
2303,1;-1,1%
2303,6;-1,1%
2304,0;-1,1%
2304,5;-1,1%
2305,0;-1,1%
2305,5;-1,1%
2306,0;-1,1%
2306,4;-1,1%
2306,9;-1,1%
2307,4;-1,1%
2307,9;-1,1%
2308,4;-1,1%
2308,9;-1,1%
2309,3;-1,1%
2309,8;-1,1%
2310,3;-1,1%
2310,8;-1,1%
2311,3;-1,1%
2311,8;-1,1%
2312,2;-1,1%
2312,7;-1,1%
2313,2;-1,1%
2313,7;-1,1%
2314,2;-1,0%
2314,6;-1,0%
2315,1;-1,0%
2315,6;-1,0%
2316,1;-1,0%
2316,6;-1,0%
2317,1;-1,0%
2317,5;-1,0%
2318,0;-1,0%
2318,5;-1,0%
2319,0;-1,0%
2319,5;-1,0%
2319,9;-1,0%
2320,4;-1,0%
2320,9;-1,0%
2321,4;-0,9%
2321,9;-0,9%
2322,4;-0,9%
2322,8;-0,9%
2323,3;-0,9%
2323,8;-0,9%
2324,3;-0,9%
2324,8;-1,0%
2325,2;-1,0%
2325,7;-1,0%
2326,2;-1,0%
2326,7;-1,0%
2327,2;-1,0%
2327,7;-1,0%
2328,1;-1,0%
2328,6;-1,0%
2329,1;-1,0%
2329,6;-1,0%
2330,1;-1,0%
2330,6;-1,0%
2331,0;-1,0%
2331,5;-1,0%
2332,0;-1,0%
2332,5;-1,0%
2333,0;-1,0%
2333,4;-1,0%
2333,9;-1,0%
2334,4;-1,0%
2334,9;-1,0%
2335,4;-1,0%
2335,9;-1,0%
2336,3;-1,1%
2336,8;-1,1%
2337,3;-1,1%
2337,8;-1,1%
2338,3;-1,1%
2338,7;-1,1%
2339,2;-1,1%
2339,7;-1,0%
2340,2;-1,0%
2340,7;-1,0%
2341,2;-1,0%
2341,6;-1,0%
2342,1;-1,0%
2342,6;-1,0%
2343,1;-1,0%
2343,6;-1,0%
2344,1;-1,0%
2344,5;-1,0%
2345,0;-1,0%
2345,5;-1,0%
2346,0;-1,0%
2346,5;-1,0%
2346,9;-1,0%
2347,4;-1,1%
2347,9;-1,1%
2348,4;-1,1%
2348,9;-1,2%
2349,4;-1,2%
2349,8;-1,2%
2350,3;-1,2%
2350,8;-1,2%
2351,3;-1,2%
2351,8;-1,2%
2352,2;-1,2%
2352,7;-1,2%
2353,2;-1,2%
2353,7;-1,2%
2354,2;-1,1%
2354,7;-1,1%
2355,1;-1,2%
2355,6;-1,2%
2356,1;-1,2%
2356,6;-1,2%
2357,1;-1,2%
2357,6;-1,2%
2358,0;-1,1%
2358,5;-1,1%
2359,0;-1,1%
2359,5;-1,1%
2360,0;-1,1%
2360,4;-1,1%
2360,9;-1,1%
2361,4;-1,1%
2361,9;-1,1%
2362,4;-1,1%
2362,9;-1,1%
2363,3;-1,2%
2363,8;-1,2%
2364,3;-1,2%
2364,8;-1,2%
2365,3;-1,1%
2365,7;-1,1%
2366,2;-1,1%
2366,7;-1,1%
2367,2;-1,1%
2367,7;-1,1%
2368,2;-1,1%
2368,6;-1,1%
2369,1;-1,1%
2369,6;-1,1%
2370,1;-1,1%
2370,6;-1,1%
2371,1;-1,1%
2371,5;-1,1%
2372,0;-1,1%
2372,5;-1,1%
2373,0;-1,1%
2373,5;-1,1%
2373,9;-1,1%
2374,4;-1,1%
2374,9;-1,1%
2375,4;-1,1%
2375,9;-1,1%
2376,4;-1,2%
2376,8;-1,2%
2377,3;-1,2%
2377,8;-1,2%
2378,3;-1,2%
2378,8;-1,2%
2379,2;-1,2%
2379,7;-1,2%
2380,2;-1,2%
2380,7;-1,2%
2381,2;-1,2%
2381,7;-1,2%
2382,1;-1,2%
2382,6;-1,2%
2383,1;-1,2%
2383,6;-1,2%
2384,1;-1,2%
2384,6;-1,2%
2385,0;-1,2%
2385,5;-1,2%
2386,0;-1,2%
2386,5;-1,2%
2387,0;-1,3%
2387,4;-1,3%
2387,9;-1,3%
2388,4;-1,3%
2388,9;-1,3%
2389,4;-1,3%
2389,9;-1,3%
2390,3;-1,3%
2390,8;-1,3%
2391,3;-1,3%
2391,8;-1,3%
2392,3;-1,3%
2392,7;-1,3%
2393,2;-1,3%
2393,7;-1,3%
2394,2;-1,3%
2394,7;-1,3%
2395,2;-1,3%
2395,6;-1,3%
2396,1;-1,3%
2396,6;-1,3%
2397,1;-1,3%
2397,6;-1,3%
2398,0;-1,3%
2398,5;-1,3%
2399,0;-1,3%
2399,5;-1,3%
2400,0;-1,3%
2400,5;-1,3%
2400,9;-1,3%
2401,4;-1,3%
2401,9;-1,3%
2402,4;-1,3%
2402,9;-1,3%
2403,4;-1,3%
2403,8;-1,3%
2404,3;-1,3%
2404,8;-1,3%
2405,3;-1,2%
2405,8;-1,2%
2406,2;-1,2%
2406,7;-1,2%
2407,2;-1,2%
2407,7;-1,2%
2408,2;-1,2%
2408,7;-1,2%
2409,1;-1,2%
2409,6;-1,2%
2410,1;-1,2%
2410,6;-1,2%
2411,1;-1,2%
2411,5;-1,2%
2412,0;-1,2%
2412,5;-1,2%
2413,0;-1,2%
2413,5;-1,2%
2414,0;-1,2%
2414,4;-1,2%
2414,9;-1,2%
2415,4;-1,2%
2415,9;-1,2%
2416,4;-1,2%
2416,9;-1,2%
2417,3;-1,2%
2417,8;-1,2%
2418,3;-1,2%
2418,8;-1,2%
2419,3;-1,2%
2419,7;-1,2%
2420,2;-1,2%
2420,7;-1,2%
2421,2;-1,2%
2421,7;-1,2%
2422,2;-1,2%
2422,6;-1,2%
2423,1;-1,2%
2423,6;-1,2%
2424,1;-1,2%
2424,6;-1,2%
2425,0;-1,2%
2425,5;-1,2%
2426,0;-1,2%
2426,5;-1,2%
2427,0;-1,2%
2427,5;-1,2%
2427,9;-1,2%
2428,4;-1,2%
2428,9;-1,2%
2429,4;-1,2%
2429,9;-1,2%
2430,4;-1,2%
2430,8;-1,2%
2431,3;-1,2%
2431,8;-1,2%
2432,3;-1,2%
2432,8;-1,2%
2433,2;-1,2%
2433,7;-1,2%
2434,2;-1,2%
2434,7;-1,2%
2435,2;-1,2%
2435,7;-1,2%
2436,1;-1,2%
2436,6;-1,2%
2437,1;-1,2%
2437,6;-1,2%
2438,1;-1,2%
2438,5;-1,2%
2439,0;-1,2%
2439,5;-1,2%
2440,0;-1,2%
2440,5;-1,2%
2441,0;-1,2%
2441,4;-1,2%
2441,9;-1,2%
2442,4;-1,2%
2442,9;-1,2%
2443,4;-1,2%
2443,9;-1,2%
2444,3;-1,2%
2444,8;-1,2%
2445,3;-1,2%
2445,8;-1,2%
2446,3;-1,2%
2446,7;-1,2%
2447,2;-1,2%
2447,7;-1,2%
2448,2;-1,2%
2448,7;-1,2%
2449,2;-1,2%
2449,6;-1,2%
2450,1;-1,2%
2450,6;-1,2%
2451,1;-1,2%
2451,6;-1,2%
2452,0;-1,2%
2452,5;-1,2%
2453,0;-1,2%
2453,5;-1,2%
2454,0;-1,2%
2454,5;-1,2%
2454,9;-1,2%
2455,4;-1,2%
2455,9;-1,2%
2456,4;-1,2%
2456,9;-1,2%
2457,3;-1,2%
2457,8;-1,2%
2458,3;-1,2%
2458,8;-1,2%
2459,3;-1,2%
2459,8;-1,2%
2460,2;-1,2%
2460,7;-1,2%
2461,2;-1,2%
2461,7;-1,2%
2462,2;-1,2%
2462,7;-1,2%
2463,1;-1,2%
2463,6;-1,2%
2464,1;-1,2%
2464,6;-1,2%
2465,1;-1,2%
2465,5;-1,2%
2466,0;-1,2%
2466,5;-1,2%
2467,0;-1,2%
2467,5;-1,2%
2468,0;-1,2%
2468,4;-1,2%
2468,9;-1,2%
2469,4;-1,2%
2469,9;-1,2%
2470,4;-1,2%
2470,8;-1,2%
2471,3;-1,2%
2471,8;-1,2%
2472,3;-1,2%
2472,8;-1,2%
2473,3;-1,2%
2473,7;-1,2%
2474,2;-1,2%
2474,7;-1,2%
2475,2;-1,2%
2475,7;-1,2%
2476,2;-1,2%
2476,6;-1,2%
2477,1;-1,2%
2477,6;-1,2%
2478,1;-1,2%
2478,6;-1,2%
2479,0;-1,2%
2479,5;-1,2%
2480,0;-1,2%
2480,5;-1,2%
2481,0;-1,2%
2481,5;-1,2%
2481,9;-1,2%
2482,4;-1,2%
2482,9;-1,2%
2483,4;-1,2%
2483,9;-1,2%
2484,3;-1,2%
2484,8;-1,2%
2485,3;-1,2%
2485,8;-1,2%
2486,3;-1,2%
2486,8;-1,2%
2487,2;-1,2%
2487,7;-1,2%
2488,2;-1,2%
2488,7;-1,2%
2489,2;-1,2%
2489,7;-1,2%
2490,1;-1,2%
2490,6;-1,2%
2491,1;-1,2%
2491,6;-1,2%
2492,1;-1,2%
2492,5;-1,2%
2493,0;-1,2%
2493,5;-1,2%
2494,0;-1,2%
2494,5;-1,2%
2495,0;-1,2%
2495,4;-1,2%
2495,9;-1,2%
2496,4;-1,2%
2496,9;-1,2%
2497,4;-1,2%
2497,8;-1,2%
2498,3;-1,2%
2498,8;-1,2%
2499,3;-1,2%
2499,8;-1,2%
2500,3;-1,2%
2500,7;-1,2%
2501,2;-1,2%
2501,7;-1,2%
2502,2;-1,2%
2502,7;-1,2%
2503,2;-1,2%
2503,6;-1,2%
2504,1;-1,2%
2504,6;-1,2%
2505,1;-1,2%
2505,6;-1,2%
2506,0;-1,2%
2506,5;-1,2%
2507,0;-1,2%
2507,5;-1,2%
2508,0;-1,2%
2508,5;-1,2%
2508,9;-1,2%
2509,4;-1,2%
2509,9;-1,2%
2510,4;-1,2%
2510,9;-1,2%
2511,3;-1,2%
2511,8;-1,2%
2512,3;-1,2%
2512,8;-1,2%
2513,3;-1,2%
2513,8;-1,2%
2514,2;-1,2%
2514,7;-1,2%
2515,2;-1,2%
2515,7;-1,2%
2516,2;-1,2%
2516,7;-1,2%
2517,1;-1,2%
2517,6;-1,2%
2518,1;-1,2%
2518,6;-1,2%
2519,1;-1,2%
2519,5;-1,2%
2520,0;-1,2%
2520,5;-1,1%
2521,0;-1,1%
2521,5;-1,1%
2522,0;-1,1%
2522,4;-1,1%
2522,9;-1,1%
2523,4;-1,1%
2523,9;-1,1%
2524,4;-1,1%
2524,8;-1,1%
2525,3;-1,1%
2525,8;-1,1%
2526,3;-1,1%
2526,8;-1,1%
2527,3;-1,1%
2527,7;-1,1%
2528,2;-1,1%
2528,7;-1,1%
2529,2;-1,1%
2529,7;-1,1%
2530,1;-1,1%
2530,6;-1,1%
2531,1;-1,1%
2531,6;-1,1%
2532,1;-1,1%
2532,6;-1,1%
2533,0;-1,1%
2533,5;-1,1%
2534,0;-1,1%
2534,5;-1,1%
2535,0;-1,1%
2535,5;-1,1%
2535,9;-1,1%
2536,4;-1,1%
2536,9;-1,1%
2537,4;-1,1%
2537,9;-1,1%
2538,3;-1,1%
2538,8;-1,1%
2539,3;-1,1%
2539,8;-1,1%
2540,3;-1,1%
2540,8;-1,1%
2541,2;-1,1%
2541,7;-1,1%
2542,2;-1,1%
2542,7;-1,1%
2543,2;-1,1%
2543,6;-1,1%
2544,1;-1,1%
2544,6;-1,1%
2545,1;-1,1%
2545,6;-1,1%
2546,1;-1,1%
2546,5;-1,1%
2547,0;-1,1%
2547,5;-1,1%
2548,0;-1,1%
2548,5;-1,1%
2549,0;-1,1%
2549,4;-1,0%
2549,9;-1,0%
2550,4;-1,0%
2550,9;-1,0%
2551,4;-1,0%
2551,8;-1,0%
2552,3;-1,0%
2552,8;-1,0%
2553,3;-1,0%
2553,8;-1,0%
2554,3;-1,0%
2554,7;-1,0%
2555,2;-1,0%
2555,7;-1,0%
2556,2;-1,0%
2556,7;-1,0%
2557,1;-1,0%
2557,6;-1,0%
2558,1;-1,0%
2558,6;-1,0%
2559,1;-1,0%
2559,6;-1,0%
2560,0;-1,0%
2560,5;-1,0%
2561,0;-1,0%
2561,5;-1,0%
2562,0;-1,0%
2562,5;-1,0%
2562,9;-1,0%
2563,4;-1,0%
2563,9;-1,0%
2564,4;-1,0%
2564,9;-1,0%
2565,3;-1,0%
2565,8;-1,0%
2566,3;-1,0%
2566,8;-1,0%
2567,3;-1,0%
2567,8;-1,0%
2568,2;-1,0%
2568,7;-1,0%
2569,2;-1,0%
2569,7;-1,0%
2570,2;-1,0%
2570,6;-1,0%
2571,1;-1,0%
2571,6;-1,0%
2572,1;-1,0%
2572,6;-1,0%
2573,1;-1,0%
2573,5;-1,0%
2574,0;-1,0%
2574,5;-1,0%
2575,0;-1,0%
2575,5;-1,0%
2576,0;-1,0%
2576,4;-1,0%
2576,9;-1,0%
2577,4;-1,0%
2577,9;-1,0%
2578,4;-1,0%
2578,8;-1,0%
2579,3;-1,0%
2579,8;-1,0%
2580,3;-1,0%
2580,8;-1,0%
2581,3;-0,9%
2581,7;-0,9%
2582,2;-0,9%
2582,7;-0,9%
2583,2;-0,9%
2583,7;-0,9%
2584,1;-0,9%
2584,6;-0,9%
2585,1;-0,9%
2585,6;-0,9%
2586,1;-0,9%
2586,6;-0,9%
2587,0;-0,9%
2587,5;-0,9%
2588,0;-0,9%
2588,5;-0,9%
2589,0;-0,9%
2589,4;-0,9%
2589,9;-0,9%
2590,4;-0,9%
2590,9;-0,9%
2591,4;-0,9%
2591,9;-0,9%
2592,3;-0,9%
2592,8;-0,9%
2593,3;-0,9%
2593,8;-0,9%
2594,3;-0,9%
2594,8;-0,9%
2595,2;-0,9%
2595,7;-0,9%
2596,2;-0,8%
2596,7;-0,8%
2597,2;-0,8%
2597,6;-0,8%
2598,1;-0,8%
2598,6;-0,8%
2599,1;-0,8%
2599,6;-0,8%
2600,1;-0,8%
2600,5;-0,8%
2601,0;-0,8%
2601,5;-0,8%
2602,0;-0,9%
2602,5;-0,9%
2602,9;-0,9%
2603,4;-0,9%
2603,9;-0,9%
2604,4;-0,9%
2604,9;-0,8%
2605,4;-0,8%
2605,8;-0,8%
2606,3;-0,8%
2606,8;-0,8%
2607,3;-0,8%
2607,8;-0,8%
2608,3;-0,8%
2608,7;-0,8%
2609,2;-0,8%
2609,7;-0,8%
2610,2;-0,8%
2610,7;-0,8%
2611,1;-0,8%
2611,6;-0,8%
2612,1;-0,8%
2612,6;-0,8%
2613,1;-0,8%
2613,6;-0,8%
2614,0;-0,8%
2614,5;-0,8%
2615,0;-0,8%
2615,5;-0,8%
2616,0;-0,8%
2616,4;-0,8%
2616,9;-0,8%
2617,4;-0,8%
2617,9;-0,8%
2618,4;-0,8%
2618,9;-0,7%
2619,3;-0,7%
2619,8;-0,7%
2620,3;-0,7%
2620,8;-0,7%
2621,3;-0,7%
2621,8;-0,7%
2622,2;-0,7%
2622,7;-0,7%
2623,2;-0,7%
2623,7;-0,7%
2624,2;-0,7%
2624,6;-0,7%
2625,1;-0,7%
2625,6;-0,7%
2626,1;-0,7%
2626,6;-0,6%
2627,1;-0,6%
2627,5;-0,6%
2628,0;-0,6%
2628,5;-0,6%
2629,0;-0,6%
2629,5;-0,6%
2629,9;-0,6%
2630,4;-0,6%
2630,9;-0,6%
2631,4;-0,6%
2631,9;-0,6%
2632,4;-0,6%
2632,8;-0,6%
2633,3;-0,6%
2633,8;-0,6%
2634,3;-0,6%
2634,8;-0,6%
2635,3;-0,6%
2635,7;-0,6%
2636,2;-0,6%
2636,7;-0,6%
2637,2;-0,6%
2637,7;-0,6%
2638,1;-0,6%
2638,6;-0,6%
2639,1;-0,6%
2639,6;-0,6%
2640,1;-0,6%
2640,6;-0,6%
2641,0;-0,6%
2641,5;-0,6%
2642,0;-0,6%
2642,5;-0,6%
2643,0;-0,6%
2643,4;-0,6%
2643,9;-0,6%
2644,4;-0,6%
2644,9;-0,6%
2645,4;-0,6%
2645,9;-0,6%
2646,3;-0,6%
2646,8;-0,6%
2647,3;-0,6%
2647,8;-0,6%
2648,3;-0,6%
2648,8;-0,6%
2649,2;-0,6%
2649,7;-0,6%
2650,2;-0,6%
2650,7;-0,6%
2651,2;-0,6%
2651,6;-0,6%
2652,1;-0,6%
2652,6;-0,6%
2653,1;-0,6%
2653,6;-0,6%
2654,1;-0,5%
2654,5;-0,5%
2655,0;-0,5%
2655,5;-0,5%
2656,0;-0,5%
2656,5;-0,5%
2656,9;-0,5%
2657,4;-0,5%
2657,9;-0,5%
2658,4;-0,6%
2658,9;-0,6%
2659,4;-0,6%
2659,8;-0,6%
2660,3;-0,6%
2660,8;-0,6%
2661,3;-0,6%
2661,8;-0,6%
2662,2;-0,6%
2662,7;-0,6%
2663,2;-0,6%
2663,7;-0,6%
2664,2;-0,6%
2664,7;-0,6%
2665,1;-0,6%
2665,6;-0,6%
2666,1;-0,6%
2666,6;-0,6%
2667,1;-0,6%
2667,6;-0,6%
2668,0;-0,6%
2668,5;-0,6%
2669,0;-0,6%
2669,5;-0,6%
2670,0;-0,6%
2670,4;-0,6%
2670,9;-0,6%
2671,4;-0,6%
2671,9;-0,6%
2672,4;-0,6%
2672,9;-0,6%
2673,3;-0,6%
2673,8;-0,6%
2674,3;-0,6%
2674,8;-0,6%
2675,3;-0,6%
2675,7;-0,6%
2676,2;-0,7%
2676,7;-0,7%
2677,2;-0,7%
2677,7;-0,7%
2678,2;-0,7%
2678,6;-0,7%
2679,1;-0,7%
2679,6;-0,7%
2680,1;-0,7%
2680,6;-0,7%
2681,1;-0,7%
2681,5;-0,7%
2682,0;-0,7%
2682,5;-0,7%
2683,0;-0,7%
2683,5;-0,7%
2683,9;-0,7%
2684,4;-0,7%
2684,9;-0,7%
2685,4;-0,7%
2685,9;-0,7%
2686,4;-0,7%
2686,8;-0,7%
2687,3;-0,7%
2687,8;-0,7%
2688,3;-0,7%
2688,8;-0,7%
2689,2;-0,7%
2689,7;-0,7%
2690,2;-0,7%
2690,7;-0,7%
2691,2;-0,7%
2691,7;-0,7%
2692,1;-0,7%
2692,6;-0,7%
2693,1;-0,7%
2693,6;-0,7%
2694,1;-0,7%
2694,6;-0,7%
2695,0;-0,7%
2695,5;-0,7%
2696,0;-0,7%
2696,5;-0,7%
2697,0;-0,7%
2697,4;-0,7%
2697,9;-0,7%
2698,4;-0,7%
2698,9;-0,7%
2699,4;-0,7%
2699,9;-0,7%
2700,3;-0,7%
2700,8;-0,7%
2701,3;-0,7%
2701,8;-0,7%
2702,3;-0,7%
2702,7;-0,7%
2703,2;-0,7%
2703,7;-0,7%
2704,2;-0,7%
2704,7;-0,7%
2705,2;-0,7%
2705,6;-0,7%
2706,1;-0,7%
2706,6;-0,7%
2707,1;-0,7%
2707,6;-0,7%
2708,1;-0,7%
2708,5;-0,6%
2709,0;-0,6%
2709,5;-0,6%
2710,0;-0,6%
2710,5;-0,6%
2710,9;-0,6%
2711,4;-0,6%
2711,9;-0,6%
2712,4;-0,6%
2712,9;-0,6%
2713,4;-0,6%
2713,8;-0,6%
2714,3;-0,6%
2714,8;-0,6%
2715,3;-0,6%
2715,8;-0,6%
2716,2;-0,6%
2716,7;-0,6%
2717,2;-0,6%
2717,7;-0,6%
2718,2;-0,6%
2718,7;-0,6%
2719,1;-0,6%
2719,6;-0,6%
2720,1;-0,6%
2720,6;-0,6%
2721,1;-0,6%
2721,5;-0,6%
2722,0;-0,6%
2722,5;-0,6%
2723,0;-0,6%
2723,5;-0,5%
2724,0;-0,5%
2724,4;-0,5%
2724,9;-0,5%
2725,4;-0,5%
2725,9;-0,5%
2726,4;-0,5%
2726,9;-0,5%
2727,3;-0,5%
2727,8;-0,5%
2728,3;-0,5%
2728,8;-0,5%
2729,3;-0,5%
2729,7;-0,5%
2730,2;-0,5%
2730,7;-0,5%
2731,2;-0,5%
2731,7;-0,5%
2732,2;-0,5%
2732,6;-0,5%
2733,1;-0,5%
2733,6;-0,4%
2734,1;-0,4%
2734,6;-0,4%
2735,0;-0,4%
2735,5;-0,4%
2736,0;-0,4%
2736,5;-0,4%
2737,0;-0,4%
2737,5;-0,4%
2737,9;-0,4%
2738,4;-0,4%
2738,9;-0,4%
2739,4;-0,4%
2739,9;-0,4%
2740,4;-0,4%
2740,8;-0,4%
2741,3;-0,4%
2741,8;-0,4%
2742,3;-0,4%
2742,8;-0,4%
2743,2;-0,4%
2743,7;-0,4%
2744,2;-0,4%
2744,7;-0,4%
2745,2;-0,4%
2745,7;-0,4%
2746,1;-0,4%
2746,6;-0,4%
2747,1;-0,4%
2747,6;-0,4%
2748,1;-0,4%
2748,5;-0,4%
2749,0;-0,4%
2749,5;-0,4%
2750,0;-0,4%
2750,5;-0,4%
2751,0;-0,3%
2751,4;-0,3%
2751,9;-0,3%
2752,4;-0,3%
2752,9;-0,3%
2753,4;-0,3%
2753,9;-0,3%
2754,3;-0,3%
2754,8;-0,3%
2755,3;-0,3%
2755,8;-0,3%
2756,3;-0,3%
2756,7;-0,3%
2757,2;-0,3%
2757,7;-0,3%
2758,2;-0,3%
2758,7;-0,3%
2759,2;-0,2%
2759,6;-0,2%
2760,1;-0,2%
2760,6;-0,2%
2761,1;-0,2%
2761,6;-0,2%
2762,0;-0,2%
2762,5;-0,2%
2763,0;-0,2%
2763,5;-0,2%
2764,0;-0,2%
2764,5;-0,1%
2764,9;-0,1%
2765,4;-0,1%
2765,9;-0,1%
2766,4;-0,1%
2766,9;-0,1%
2767,4;-0,1%
2767,8;-0,1%
2768,3;-0,1%
2768,8;-0,1%
2769,3;-0,1%
2769,8;0,0%
2770,2;0,0%
2770,7;0,0%
2771,2;0,0%
2771,7;0,0%
2772,2;0,0%
2772,7;0,0%
2773,1;0,0%
2773,6;0,0%
2774,1;0,1%
2774,6;0,1%
2775,1;0,1%
2775,5;0,1%
2776,0;0,1%
2776,5;0,1%
2777,0;0,2%
2777,5;0,2%
2778,0;0,2%
2778,4;0,2%
2778,9;0,2%
2779,4;0,2%
2779,9;0,3%
2780,4;0,3%
2780,9;0,3%
2781,3;0,3%
2781,8;0,3%
2782,3;0,4%
2782,8;0,4%
2783,3;0,4%
2783,7;0,4%
2784,2;0,5%
2784,7;0,5%
2785,2;0,5%
2785,7;0,5%
2786,2;0,6%
2786,6;0,6%
2787,1;0,6%
2787,6;0,6%
2788,1;0,7%
2788,6;0,7%
2789,0;0,7%
2789,5;0,7%
2790,0;0,8%
2790,5;0,8%
2791,0;0,8%
2791,5;0,8%
2791,9;0,9%
2792,4;0,9%
2792,9;0,9%
2793,4;0,9%
2793,9;1,0%
2794,3;1,0%
2794,8;1,0%
2795,3;1,1%
2795,8;1,1%
2796,3;1,1%
2796,8;1,2%
2797,2;1,2%
2797,7;1,2%
2798,2;1,3%
2798,7;1,3%
2799,2;1,3%
2799,7;1,4%
2800,1;1,4%
2800,6;1,4%
2801,1;1,5%
2801,6;1,5%
2802,1;1,6%
2802,5;1,6%
2803,0;1,6%
2803,5;1,7%
2804,0;1,7%
2804,5;1,7%
2805,0;1,8%
2805,4;1,8%
2805,9;1,9%
2806,4;1,9%
2806,9;2,0%
2807,4;2,0%
2807,8;2,1%
2808,3;2,1%
2808,8;2,2%
2809,3;2,2%
2809,8;2,3%
2810,3;2,3%
2810,7;2,4%
2811,2;2,4%
2811,7;2,5%
2812,2;2,6%
2812,7;2,6%
2813,2;2,7%
2813,6;2,8%
2814,1;2,8%
2814,6;2,9%
2815,1;3,0%
2815,6;3,0%
2816,0;3,1%
2816,5;3,2%
2817,0;3,3%
2817,5;3,4%
2818,0;3,5%
2818,5;3,6%
2818,9;3,7%
2819,4;3,8%
2819,9;3,9%
2820,4;4,0%
2820,9;4,1%
2821,3;4,2%
2821,8;4,3%
2822,3;4,4%
2822,8;4,6%
2823,3;4,7%
2823,8;4,8%
2824,2;5,0%
2824,7;5,2%
2825,2;5,3%
2825,7;5,5%
2826,2;5,7%
2826,7;5,9%
2827,1;6,1%
2827,6;6,3%
2828,1;6,5%
2828,6;6,8%
2829,1;7,0%
2829,5;7,3%
2830,0;7,6%
2830,5;7,9%
2831,0;8,2%
2831,5;8,6%
2832,0;9,0%
2832,4;9,4%
2832,9;9,8%
2833,4;10,3%
2833,9;10,8%
2834,4;11,3%
2834,8;11,9%
2835,3;12,6%
2835,8;13,3%
2836,3;14,0%
2836,8;14,9%
2837,3;15,8%
2837,7;16,9%
2838,2;18,0%
2838,7;19,3%
2839,2;20,7%
2839,7;22,3%
2840,2;24,0%
2840,6;26,0%
2841,1;28,1%
2841,6;30,4%
2842,1;32,8%
2842,6;35,5%
2843,0;38,3%
2843,5;41,3%
2844,0;44,3%
2844,5;47,2%
2845,0;49,9%
2845,5;52,2%
2845,9;53,9%
2846,4;54,8%
2846,9;54,8%
2847,4;53,8%
2847,9;52,0%
2848,3;49,6%
2848,8;46,7%
2849,3;43,5%
2849,8;40,3%
2850,3;37,1%
2850,8;34,2%
2851,2;31,4%
2851,7;28,9%
2852,2;26,7%
2852,7;24,6%
2853,2;22,8%
2853,6;21,1%
2854,1;19,6%
2854,6;18,2%
2855,1;17,0%
2855,6;15,8%
2856,1;14,8%
2856,5;13,8%
2857,0;12,9%
2857,5;12,1%
2858,0;11,3%
2858,5;10,7%
2859,0;10,0%
2859,4;9,5%
2859,9;8,9%
2860,4;8,5%
2860,9;8,0%
2861,4;7,7%
2861,8;7,3%
2862,3;7,0%
2862,8;6,7%
2863,3;6,5%
2863,8;6,3%
2864,3;6,1%
2864,7;5,9%
2865,2;5,8%
2865,7;5,7%
2866,2;5,6%
2866,7;5,5%
2867,1;5,5%
2867,6;5,5%
2868,1;5,5%
2868,6;5,5%
2869,1;5,5%
2869,6;5,5%
2870,0;5,6%
2870,5;5,6%
2871,0;5,7%
2871,5;5,8%
2872,0;5,9%
2872,5;6,0%
2872,9;6,2%
2873,4;6,3%
2873,9;6,5%
2874,4;6,7%
2874,9;6,9%
2875,3;7,1%
2875,8;7,4%
2876,3;7,6%
2876,8;7,9%
2877,3;8,1%
2877,8;8,4%
2878,2;8,7%
2878,7;9,0%
2879,2;9,3%
2879,7;9,7%
2880,2;10,0%
2880,6;10,3%
2881,1;10,7%
2881,6;11,0%
2882,1;11,3%
2882,6;11,7%
2883,1;12,0%
2883,5;12,4%
2884,0;12,8%
2884,5;13,1%
2885,0;13,5%
2885,5;13,8%
2886,0;14,2%
2886,4;14,5%
2886,9;14,9%
2887,4;15,3%
2887,9;15,6%
2888,4;16,0%
2888,8;16,4%
2889,3;16,7%
2889,8;17,1%
2890,3;17,5%
2890,8;17,8%
2891,3;18,2%
2891,7;18,5%
2892,2;18,9%
2892,7;19,2%
2893,2;19,6%
2893,7;19,9%
2894,1;20,3%
2894,6;20,6%
2895,1;21,0%
2895,6;21,3%
2896,1;21,7%
2896,6;22,0%
2897,0;22,4%
2897,5;22,8%
2898,0;23,2%
2898,5;23,6%
2899,0;24,0%
2899,5;24,4%
2899,9;24,9%
2900,4;25,3%
2900,9;25,8%
2901,4;26,3%
2901,9;26,9%
2902,3;27,5%
2902,8;28,1%
2903,3;28,8%
2903,8;29,6%
2904,3;30,4%
2904,8;31,3%
2905,2;32,2%
2905,7;33,3%
2906,2;34,4%
2906,7;35,6%
2907,2;37,0%
2907,6;38,4%
2908,1;39,9%
2908,6;41,6%
2909,1;43,3%
2909,6;45,2%
2910,1;47,1%
2910,5;49,0%
2911,0;51,0%
2911,5;53,0%
2912,0;54,8%
2912,5;56,5%
2913,0;57,9%
2913,4;59,0%
2913,9;59,6%
2914,4;59,7%
2914,9;59,3%
2915,4;58,4%
2915,8;57,0%
2916,3;55,3%
2916,8;53,3%
2917,3;51,2%
2917,8;49,0%
2918,3;46,7%
2918,7;44,5%
2919,2;42,3%
2919,7;40,2%
2920,2;38,2%
2920,7;36,3%
2921,1;34,5%
2921,6;32,8%
2922,1;31,2%
2922,6;29,7%
2923,1;28,3%
2923,6;26,9%
2924,0;25,7%
2924,5;24,5%
2925,0;23,4%
2925,5;22,3%
2926,0;21,3%
2926,4;20,4%
2926,9;19,5%
2927,4;18,6%
2927,9;17,8%
2928,4;17,0%
2928,9;16,2%
2929,3;15,5%
2929,8;14,8%
2930,3;14,1%
2930,8;13,5%
2931,3;12,9%
2931,8;12,3%
2932,2;11,7%
2932,7;11,1%
2933,2;10,6%
2933,7;10,1%
2934,2;9,6%
2934,6;9,1%
2935,1;8,7%
2935,6;8,3%
2936,1;7,8%
2936,6;7,4%
2937,1;7,1%
2937,5;6,7%
2938,0;6,4%
2938,5;6,0%
2939,0;5,7%
2939,5;5,4%
2939,9;5,1%
2940,4;4,8%
2940,9;4,6%
2941,4;4,3%
2941,9;4,1%
2942,4;3,9%
2942,8;3,7%
2943,3;3,5%
2943,8;3,3%
2944,3;3,1%
2944,8;2,9%
2945,3;2,8%
2945,7;2,6%
2946,2;2,5%
2946,7;2,4%
2947,2;2,3%
2947,7;2,2%
2948,1;2,1%
2948,6;2,0%
2949,1;1,9%
2949,6;1,8%
2950,1;1,8%
2950,6;1,7%
2951,0;1,6%
2951,5;1,6%
2952,0;1,5%
2952,5;1,5%
2953,0;1,4%
2953,4;1,4%
2953,9;1,3%
2954,4;1,3%
2954,9;1,2%
2955,4;1,2%
2955,9;1,1%
2956,3;1,1%
2956,8;1,0%
2957,3;1,0%
2957,8;0,9%
2958,3;0,9%
2958,8;0,8%
2959,2;0,8%
2959,7;0,7%
2960,2;0,7%
2960,7;0,6%
2961,2;0,6%
2961,6;0,5%
2962,1;0,5%
2962,6;0,4%
2963,1;0,4%
2963,6;0,3%
2964,1;0,3%
2964,5;0,3%
2965,0;0,2%
2965,5;0,2%
2966,0;0,2%
2966,5;0,1%
2966,9;0,1%
2967,4;0,1%
2967,9;0,1%
2968,4;0,0%
2968,9;0,0%
2969,4;0,0%
2969,8;-0,1%
2970,3;-0,1%
2970,8;-0,1%
2971,3;-0,2%
2971,8;-0,2%
2972,3;-0,2%
2972,7;-0,2%
2973,2;-0,3%
2973,7;-0,3%
2974,2;-0,3%
2974,7;-0,3%
2975,1;-0,3%
2975,6;-0,3%
2976,1;-0,4%
2976,6;-0,4%
2977,1;-0,4%
2977,6;-0,4%
2978,0;-0,4%
2978,5;-0,4%
2979,0;-0,5%
2979,5;-0,5%
2980,0;-0,5%
2980,4;-0,5%
2980,9;-0,5%
2981,4;-0,5%
2981,9;-0,5%
2982,4;-0,5%
2982,9;-0,5%
2983,3;-0,6%
2983,8;-0,6%
2984,3;-0,6%
2984,8;-0,6%
2985,3;-0,6%
2985,7;-0,6%
2986,2;-0,6%
2986,7;-0,6%
2987,2;-0,6%
2987,7;-0,6%
2988,2;-0,6%
2988,6;-0,7%
2989,1;-0,7%
2989,6;-0,7%
2990,1;-0,7%
2990,6;-0,7%
2991,1;-0,7%
2991,5;-0,7%
2992,0;-0,7%
2992,5;-0,7%
2993,0;-0,7%
2993,5;-0,7%
2993,9;-0,7%
2994,4;-0,7%
2994,9;-0,7%
2995,4;-0,7%
2995,9;-0,7%
2996,4;-0,7%
2996,8;-0,7%
2997,3;-0,7%
2997,8;-0,8%
2998,3;-0,8%
2998,8;-0,8%
2999,2;-0,8%
2999,7;-0,8%
3000,2;-0,8%
3000,7;-0,8%
3001,2;-0,8%
3001,7;-0,8%
3002,1;-0,8%
3002,6;-0,8%
3003,1;-0,8%
3003,6;-0,8%
3004,1;-0,8%
3004,6;-0,8%
3005,0;-0,8%
3005,5;-0,8%
3006,0;-0,8%
3006,5;-0,8%
3007,0;-0,8%
3007,4;-0,8%
3007,9;-0,8%
3008,4;-0,8%
3008,9;-0,8%
3009,4;-0,8%
3009,9;-0,8%
3010,3;-0,8%
3010,8;-0,8%
3011,3;-0,8%
3011,8;-0,8%
3012,3;-0,8%
3012,7;-0,8%
3013,2;-0,8%
3013,7;-0,8%
3014,2;-0,8%
3014,7;-0,9%
3015,2;-0,9%
3015,6;-0,9%
3016,1;-0,9%
3016,6;-0,9%
3017,1;-0,9%
3017,6;-0,9%
3018,1;-0,9%
3018,5;-0,9%
3019,0;-0,8%
3019,5;-0,8%
3020,0;-0,9%
3020,5;-0,9%
3020,9;-0,9%
3021,4;-0,9%
3021,9;-0,9%
3022,4;-0,9%
3022,9;-0,9%
3023,4;-0,9%
3023,8;-0,9%
3024,3;-0,9%
3024,8;-0,9%
3025,3;-0,9%
3025,8;-0,9%
3026,2;-0,9%
3026,7;-0,9%
3027,2;-0,9%
3027,7;-0,9%
3028,2;-0,9%
3028,7;-0,9%
3029,1;-0,9%
3029,6;-0,9%
3030,1;-0,9%
3030,6;-0,9%
3031,1;-0,9%
3031,6;-0,9%
3032,0;-0,9%
3032,5;-0,9%
3033,0;-0,9%
3033,5;-0,9%
3034,0;-0,9%
3034,4;-0,9%
3034,9;-0,9%
3035,4;-0,9%
3035,9;-0,9%
3036,4;-1,0%
3036,9;-1,0%
3037,3;-1,0%
3037,8;-1,0%
3038,3;-1,0%
3038,8;-1,0%
3039,3;-1,0%
3039,7;-1,0%
3040,2;-1,0%
3040,7;-1,0%
3041,2;-1,0%
3041,7;-1,0%
3042,2;-1,0%
3042,6;-1,0%
3043,1;-1,0%
3043,6;-1,0%
3044,1;-1,0%
3044,6;-1,0%
3045,1;-1,0%
3045,5;-1,0%
3046,0;-1,0%
3046,5;-1,0%
3047,0;-1,0%
3047,5;-1,0%
3047,9;-1,0%
3048,4;-1,0%
3048,9;-1,0%
3049,4;-1,0%
3049,9;-1,0%
3050,4;-1,0%
3050,8;-1,0%
3051,3;-1,0%
3051,8;-1,1%
3052,3;-1,1%
3052,8;-1,1%
3053,2;-1,1%
3053,7;-1,1%
3054,2;-1,1%
3054,7;-1,1%
3055,2;-1,1%
3055,7;-1,1%
3056,1;-1,1%
3056,6;-1,1%
3057,1;-1,1%
3057,6;-1,1%
3058,1;-1,1%
3058,5;-1,1%
3059,0;-1,1%
3059,5;-1,1%
3060,0;-1,1%
3060,5;-1,1%
3061,0;-1,1%
3061,4;-1,1%
3061,9;-1,1%
3062,4;-1,1%
3062,9;-1,1%
3063,4;-1,1%
3063,9;-1,1%
3064,3;-1,1%
3064,8;-1,1%
3065,3;-1,1%
3065,8;-1,1%
3066,3;-1,1%
3066,7;-1,1%
3067,2;-1,1%
3067,7;-1,1%
3068,2;-1,1%
3068,7;-1,1%
3069,2;-1,1%
3069,6;-1,1%
3070,1;-1,1%
3070,6;-1,1%
3071,1;-1,1%
3071,6;-1,1%
3072,0;-1,1%
3072,5;-1,1%
3073,0;-1,1%
3073,5;-1,1%
3074,0;-1,1%
3074,5;-1,1%
3074,9;-1,1%
3075,4;-1,1%
3075,9;-1,1%
3076,4;-1,1%
3076,9;-1,1%
3077,4;-1,1%
3077,8;-1,1%
3078,3;-1,1%
3078,8;-1,1%
3079,3;-1,1%
3079,8;-1,1%
3080,2;-1,1%
3080,7;-1,1%
3081,2;-1,1%
3081,7;-1,1%
3082,2;-1,1%
3082,7;-1,1%
3083,1;-1,1%
3083,6;-1,2%
3084,1;-1,2%
3084,6;-1,2%
3085,1;-1,2%
3085,5;-1,2%
3086,0;-1,2%
3086,5;-1,2%
3087,0;-1,2%
3087,5;-1,2%
3088,0;-1,2%
3088,4;-1,2%
3088,9;-1,2%
3089,4;-1,2%
3089,9;-1,2%
3090,4;-1,2%
3090,9;-1,2%
3091,3;-1,2%
3091,8;-1,2%
3092,3;-1,2%
3092,8;-1,2%
3093,3;-1,2%
3093,7;-1,2%
3094,2;-1,2%
3094,7;-1,2%
3095,2;-1,2%
3095,7;-1,2%
3096,2;-1,2%
3096,6;-1,2%
3097,1;-1,2%
3097,6;-1,2%
3098,1;-1,2%
3098,6;-1,2%
3099,0;-1,2%
3099,5;-1,2%
3100,0;-1,2%
3100,5;-1,2%
3101,0;-1,2%
3101,5;-1,2%
3101,9;-1,2%
3102,4;-1,2%
3102,9;-1,2%
3103,4;-1,2%
3103,9;-1,2%
3104,4;-1,2%
3104,8;-1,2%
3105,3;-1,3%
3105,8;-1,3%
3106,3;-1,3%
3106,8;-1,3%
3107,2;-1,3%
3107,7;-1,3%
3108,2;-1,3%
3108,7;-1,3%
3109,2;-1,3%
3109,7;-1,3%
3110,1;-1,3%
3110,6;-1,3%
3111,1;-1,3%
3111,6;-1,3%
3112,1;-1,3%
3112,5;-1,3%
3113,0;-1,3%
3113,5;-1,3%
3114,0;-1,3%
3114,5;-1,3%
3115,0;-1,3%
3115,4;-1,3%
3115,9;-1,3%
3116,4;-1,3%
3116,9;-1,3%
3117,4;-1,3%
3117,8;-1,3%
3118,3;-1,3%
3118,8;-1,3%
3119,3;-1,3%
3119,8;-1,3%
3120,3;-1,3%
3120,7;-1,3%
3121,2;-1,3%
3121,7;-1,3%
3122,2;-1,3%
3122,7;-1,3%
3123,2;-1,3%
3123,6;-1,3%
3124,1;-1,3%
3124,6;-1,3%
3125,1;-1,3%
3125,6;-1,3%
3126,0;-1,3%
3126,5;-1,3%
3127,0;-1,3%
3127,5;-1,3%
3128,0;-1,3%
3128,5;-1,3%
3128,9;-1,3%
3129,4;-1,3%
3129,9;-1,3%
3130,4;-1,3%
3130,9;-1,3%
3131,3;-1,3%
3131,8;-1,3%
3132,3;-1,3%
3132,8;-1,3%
3133,3;-1,3%
3133,8;-1,3%
3134,2;-1,3%
3134,7;-1,3%
3135,2;-1,3%
3135,7;-1,3%
3136,2;-1,3%
3136,7;-1,3%
3137,1;-1,3%
3137,6;-1,3%
3138,1;-1,3%
3138,6;-1,3%
3139,1;-1,3%
3139,5;-1,3%
3140,0;-1,3%
3140,5;-1,3%
3141,0;-1,3%
3141,5;-1,3%
3142,0;-1,3%
3142,4;-1,3%
3142,9;-1,3%
3143,4;-1,3%
3143,9;-1,3%
3144,4;-1,3%
3144,8;-1,3%
3145,3;-1,3%
3145,8;-1,3%
3146,3;-1,3%
3146,8;-1,3%
3147,3;-1,3%
3147,7;-1,3%
3148,2;-1,3%
3148,7;-1,3%
3149,2;-1,3%
3149,7;-1,3%
3150,2;-1,3%
3150,6;-1,3%
3151,1;-1,3%
3151,6;-1,3%
3152,1;-1,3%
3152,6;-1,3%
3153,0;-1,3%
3153,5;-1,3%
3154,0;-1,3%
3154,5;-1,3%
3155,0;-1,3%
3155,5;-1,3%
3155,9;-1,3%
3156,4;-1,3%
3156,9;-1,3%
3157,4;-1,3%
3157,9;-1,3%
3158,3;-1,3%
3158,8;-1,3%
3159,3;-1,3%
3159,8;-1,3%
3160,3;-1,3%
3160,8;-1,3%
3161,2;-1,3%
3161,7;-1,3%
3162,2;-1,3%
3162,7;-1,3%
3163,2;-1,3%
3163,7;-1,3%
3164,1;-1,3%
3164,6;-1,3%
3165,1;-1,3%
3165,6;-1,3%
3166,1;-1,3%
3166,5;-1,3%
3167,0;-1,3%
3167,5;-1,3%
3168,0;-1,3%
3168,5;-1,3%
3169,0;-1,3%
3169,4;-1,3%
3169,9;-1,3%
3170,4;-1,3%
3170,9;-1,3%
3171,4;-1,3%
3171,8;-1,3%
3172,3;-1,3%
3172,8;-1,3%
3173,3;-1,3%
3173,8;-1,3%
3174,3;-1,3%
3174,7;-1,3%
3175,2;-1,3%
3175,7;-1,3%
3176,2;-1,3%
3176,7;-1,3%
3177,2;-1,3%
3177,6;-1,3%
3178,1;-1,3%
3178,6;-1,3%
3179,1;-1,3%
3179,6;-1,3%
3180,0;-1,3%
3180,5;-1,3%
3181,0;-1,3%
3181,5;-1,3%
3182,0;-1,3%
3182,5;-1,3%
3182,9;-1,3%
3183,4;-1,3%
3183,9;-1,3%
3184,4;-1,3%
3184,9;-1,3%
3185,3;-1,3%
3185,8;-1,3%
3186,3;-1,3%
3186,8;-1,3%
3187,3;-1,3%
3187,8;-1,3%
3188,2;-1,3%
3188,7;-1,3%
3189,2;-1,3%
3189,7;-1,3%
3190,2;-1,3%
3190,6;-1,3%
3191,1;-1,3%
3191,6;-1,3%
3192,1;-1,3%
3192,6;-1,3%
3193,1;-1,3%
3193,5;-1,3%
3194,0;-1,3%
3194,5;-1,3%
3195,0;-1,3%
3195,5;-1,3%
3196,0;-1,3%
3196,4;-1,3%
3196,9;-1,3%
3197,4;-1,3%
3197,9;-1,3%
3198,4;-1,3%
3198,8;-1,3%
3199,3;-1,3%
3199,8;-1,3%
3200,3;-1,3%
3200,8;-1,2%
3201,3;-1,2%
3201,7;-1,2%
3202,2;-1,2%
3202,7;-1,2%
3203,2;-1,2%
3203,7;-1,2%
3204,1;-1,2%
3204,6;-1,2%
3205,1;-1,2%
3205,6;-1,3%
3206,1;-1,3%
3206,6;-1,3%
3207,0;-1,3%
3207,5;-1,3%
3208,0;-1,3%
3208,5;-1,3%
3209,0;-1,3%
3209,5;-1,3%
3209,9;-1,3%
3210,4;-1,3%
3210,9;-1,3%
3211,4;-1,3%
3211,9;-1,3%
3212,3;-1,3%
3212,8;-1,3%
3213,3;-1,3%
3213,8;-1,3%
3214,3;-1,3%
3214,8;-1,3%
3215,2;-1,3%
3215,7;-1,3%
3216,2;-1,3%
3216,7;-1,3%
3217,2;-1,3%
3217,6;-1,3%
3218,1;-1,3%
3218,6;-1,3%
3219,1;-1,3%
3219,6;-1,3%
3220,1;-1,3%
3220,5;-1,3%
3221,0;-1,3%
3221,5;-1,3%
3222,0;-1,3%
3222,5;-1,3%
3223,0;-1,3%
3223,4;-1,3%
3223,9;-1,3%
3224,4;-1,3%
3224,9;-1,3%
3225,4;-1,3%
3225,8;-1,3%
3226,3;-1,3%
3226,8;-1,3%
3227,3;-1,3%
3227,8;-1,2%
3228,3;-1,2%
3228,7;-1,3%
3229,2;-1,3%
3229,7;-1,3%
3230,2;-1,3%
3230,7;-1,3%
3231,1;-1,2%
3231,6;-1,2%
3232,1;-1,2%
3232,6;-1,2%
3233,1;-1,2%
3233,6;-1,2%
3234,0;-1,3%
3234,5;-1,3%
3235,0;-1,3%
3235,5;-1,3%
3236,0;-1,3%
3236,5;-1,3%
3236,9;-1,3%
3237,4;-1,2%
3237,9;-1,2%
3238,4;-1,2%
3238,9;-1,2%
3239,3;-1,2%
3239,8;-1,2%
3240,3;-1,3%
3240,8;-1,3%
3241,3;-1,3%
3241,8;-1,3%
3242,2;-1,3%
3242,7;-1,3%
3243,2;-1,2%
3243,7;-1,2%
3244,2;-1,2%
3244,6;-1,2%
3245,1;-1,2%
3245,6;-1,2%
3246,1;-1,2%
3246,6;-1,2%
3247,1;-1,2%
3247,5;-1,2%
3248,0;-1,2%
3248,5;-1,2%
3249,0;-1,2%
3249,5;-1,2%
3249,9;-1,2%
3250,4;-1,2%
3250,9;-1,2%
3251,4;-1,2%
3251,9;-1,2%
3252,4;-1,2%
3252,8;-1,2%
3253,3;-1,2%
3253,8;-1,2%
3254,3;-1,2%
3254,8;-1,2%
3255,3;-1,3%
3255,7;-1,3%
3256,2;-1,3%
3256,7;-1,3%
3257,2;-1,3%
3257,7;-1,3%
3258,1;-1,3%
3258,6;-1,3%
3259,1;-1,3%
3259,6;-1,2%
3260,1;-1,2%
3260,6;-1,2%
3261,0;-1,2%
3261,5;-1,2%
3262,0;-1,2%
3262,5;-1,2%
3263,0;-1,2%
3263,4;-1,2%
3263,9;-1,2%
3264,4;-1,2%
3264,9;-1,2%
3265,4;-1,2%
3265,9;-1,2%
3266,3;-1,2%
3266,8;-1,3%
3267,3;-1,3%
3267,8;-1,3%
3268,3;-1,3%
3268,8;-1,3%
3269,2;-1,3%
3269,7;-1,3%
3270,2;-1,3%
3270,7;-1,3%
3271,2;-1,3%
3271,6;-1,3%
3272,1;-1,3%
3272,6;-1,3%
3273,1;-1,2%
3273,6;-1,2%
3274,1;-1,2%
3274,5;-1,2%
3275,0;-1,2%
3275,5;-1,2%
3276,0;-1,2%
3276,5;-1,2%
3276,9;-1,2%
3277,4;-1,2%
3277,9;-1,2%
3278,4;-1,2%
3278,9;-1,3%
3279,4;-1,3%
3279,8;-1,3%
3280,3;-1,2%
3280,8;-1,2%
3281,3;-1,2%
3281,8;-1,2%
3282,3;-1,2%
3282,7;-1,2%
3283,2;-1,2%
3283,7;-1,2%
3284,2;-1,2%
3284,7;-1,2%
3285,1;-1,2%
3285,6;-1,2%
3286,1;-1,2%
3286,6;-1,2%
3287,1;-1,2%
3287,6;-1,2%
3288,0;-1,2%
3288,5;-1,2%
3289,0;-1,3%
3289,5;-1,3%
3290,0;-1,3%
3290,4;-1,3%
3290,9;-1,3%
3291,4;-1,3%
3291,9;-1,2%
3292,4;-1,2%
3292,9;-1,2%
3293,3;-1,2%
3293,8;-1,2%
3294,3;-1,2%
3294,8;-1,2%
3295,3;-1,2%
3295,8;-1,2%
3296,2;-1,2%
3296,7;-1,2%
3297,2;-1,2%
3297,7;-1,2%
3298,2;-1,2%
3298,6;-1,2%
3299,1;-1,2%
3299,6;-1,2%
3300,1;-1,2%
3300,6;-1,2%
3301,1;-1,2%
3301,5;-1,2%
3302,0;-1,2%
3302,5;-1,2%
3303,0;-1,2%
3303,5;-1,2%
3303,9;-1,2%
3304,4;-1,2%
3304,9;-1,2%
3305,4;-1,2%
3305,9;-1,2%
3306,4;-1,2%
3306,8;-1,2%
3307,3;-1,2%
3307,8;-1,2%
3308,3;-1,2%
3308,8;-1,2%
3309,3;-1,2%
3309,7;-1,2%
3310,2;-1,2%
3310,7;-1,2%
3311,2;-1,2%
3311,7;-1,2%
3312,1;-1,2%
3312,6;-1,2%
3313,1;-1,2%
3313,6;-1,2%
3314,1;-1,2%
3314,6;-1,2%
3315,0;-1,2%
3315,5;-1,2%
3316,0;-1,2%
3316,5;-1,3%
3317,0;-1,3%
3317,4;-1,3%
3317,9;-1,3%
3318,4;-1,3%
3318,9;-1,2%
3319,4;-1,2%
3319,9;-1,2%
3320,3;-1,3%
3320,8;-1,3%
3321,3;-1,3%
3321,8;-1,3%
3322,3;-1,3%
3322,7;-1,3%
3323,2;-1,3%
3323,7;-1,3%
3324,2;-1,3%
3324,7;-1,3%
3325,2;-1,2%
3325,6;-1,2%
3326,1;-1,2%
3326,6;-1,2%
3327,1;-1,2%
3327,6;-1,2%
3328,1;-1,2%
3328,5;-1,2%
3329,0;-1,2%
3329,5;-1,2%
3330,0;-1,2%
3330,5;-1,2%
3330,9;-1,2%
3331,4;-1,2%
3331,9;-1,2%
3332,4;-1,2%
3332,9;-1,2%
3333,4;-1,2%
3333,8;-1,2%
3334,3;-1,2%
3334,8;-1,2%
3335,3;-1,2%
3335,8;-1,2%
3336,2;-1,2%
3336,7;-1,2%
3337,2;-1,2%
3337,7;-1,2%
3338,2;-1,2%
3338,7;-1,2%
3339,1;-1,2%
3339,6;-1,2%
3340,1;-1,2%
3340,6;-1,2%
3341,1;-1,2%
3341,6;-1,2%
3342,0;-1,2%
3342,5;-1,2%
3343,0;-1,2%
3343,5;-1,2%
3344,0;-1,2%
3344,4;-1,2%
3344,9;-1,2%
3345,4;-1,2%
3345,9;-1,2%
3346,4;-1,2%
3346,9;-1,2%
3347,3;-1,2%
3347,8;-1,2%
3348,3;-1,2%
3348,8;-1,2%
3349,3;-1,2%
3349,7;-1,2%
3350,2;-1,2%
3350,7;-1,2%
3351,2;-1,3%
3351,7;-1,3%
3352,2;-1,3%
3352,6;-1,3%
3353,1;-1,3%
3353,6;-1,2%
3354,1;-1,2%
3354,6;-1,2%
3355,1;-1,2%
3355,5;-1,2%
3356,0;-1,2%
3356,5;-1,2%
3357,0;-1,2%
3357,5;-1,2%
3357,9;-1,2%
3358,4;-1,2%
3358,9;-1,2%
3359,4;-1,2%
3359,9;-1,2%
3360,4;-1,2%
3360,8;-1,2%
3361,3;-1,2%
3361,8;-1,2%
3362,3;-1,2%
3362,8;-1,2%
3363,2;-1,2%
3363,7;-1,2%
3364,2;-1,2%
3364,7;-1,2%
3365,2;-1,2%
3365,7;-1,2%
3366,1;-1,2%
3366,6;-1,2%
3367,1;-1,2%
3367,6;-1,2%
3368,1;-1,2%
3368,6;-1,2%
3369,0;-1,2%
3369,5;-1,2%
3370,0;-1,2%
3370,5;-1,2%
3371,0;-1,2%
3371,4;-1,2%
3371,9;-1,2%
3372,4;-1,2%
3372,9;-1,2%
3373,4;-1,2%
3373,9;-1,2%
3374,3;-1,2%
3374,8;-1,2%
3375,3;-1,2%
3375,8;-1,2%
3376,3;-1,2%
3376,7;-1,2%
3377,2;-1,2%
3377,7;-1,2%
3378,2;-1,2%
3378,7;-1,2%
3379,2;-1,2%
3379,6;-1,2%
3380,1;-1,2%
3380,6;-1,2%
3381,1;-1,2%
3381,6;-1,2%
3382,0;-1,2%
3382,5;-1,2%
3383,0;-1,2%
3383,5;-1,2%
3384,0;-1,2%
3384,5;-1,2%
3384,9;-1,2%
3385,4;-1,2%
3385,9;-1,2%
3386,4;-1,2%
3386,9;-1,2%
3387,4;-1,2%
3387,8;-1,2%
3388,3;-1,2%
3388,8;-1,2%
3389,3;-1,2%
3389,8;-1,2%
3390,2;-1,2%
3390,7;-1,2%
3391,2;-1,2%
3391,7;-1,2%
3392,2;-1,2%
3392,7;-1,2%
3393,1;-1,2%
3393,6;-1,2%
3394,1;-1,2%
3394,6;-1,2%
3395,1;-1,2%
3395,5;-1,2%
3396,0;-1,2%
3396,5;-1,2%
3397,0;-1,3%
3397,5;-1,3%
3398,0;-1,3%
3398,4;-1,3%
3398,9;-1,3%
3399,4;-1,3%
3399,9;-1,3%
3400,4;-1,3%
3400,9;-1,3%
3401,3;-1,3%
3401,8;-1,3%
3402,3;-1,2%
3402,8;-1,2%
3403,3;-1,2%
3403,7;-1,2%
3404,2;-1,2%
3404,7;-1,2%
3405,2;-1,2%
3405,7;-1,2%
3406,2;-1,2%
3406,6;-1,2%
3407,1;-1,2%
3407,6;-1,2%
3408,1;-1,3%
3408,6;-1,3%
3409,0;-1,3%
3409,5;-1,3%
3410,0;-1,3%
3410,5;-1,3%
3411,0;-1,3%
3411,5;-1,3%
3411,9;-1,3%
3412,4;-1,3%
3412,9;-1,3%
3413,4;-1,2%
3413,9;-1,2%
3414,4;-1,2%
3414,8;-1,2%
3415,3;-1,2%
3415,8;-1,2%
3416,3;-1,3%
3416,8;-1,3%
3417,2;-1,3%
3417,7;-1,3%
3418,2;-1,3%
3418,7;-1,3%
3419,2;-1,3%
3419,7;-1,3%
3420,1;-1,2%
3420,6;-1,2%
3421,1;-1,2%
3421,6;-1,2%
3422,1;-1,2%
3422,5;-1,3%
3423,0;-1,3%
3423,5;-1,3%
3424,0;-1,3%
3424,5;-1,3%
3425,0;-1,3%
3425,4;-1,3%
3425,9;-1,3%
3426,4;-1,3%
3426,9;-1,3%
3427,4;-1,3%
3427,9;-1,3%
3428,3;-1,3%
3428,8;-1,3%
3429,3;-1,3%
3429,8;-1,3%
3430,3;-1,3%
3430,7;-1,3%
3431,2;-1,3%
3431,7;-1,3%
3432,2;-1,3%
3432,7;-1,3%
3433,2;-1,3%
3433,6;-1,3%
3434,1;-1,3%
3434,6;-1,3%
3435,1;-1,3%
3435,6;-1,3%
3436,0;-1,3%
3436,5;-1,3%
3437,0;-1,3%
3437,5;-1,3%
3438,0;-1,3%
3438,5;-1,3%
3438,9;-1,3%
3439,4;-1,3%
3439,9;-1,3%
3440,4;-1,3%
3440,9;-1,3%
3441,4;-1,3%
3441,8;-1,3%
3442,3;-1,3%
3442,8;-1,3%
3443,3;-1,3%
3443,8;-1,3%
3444,2;-1,3%
3444,7;-1,3%
3445,2;-1,3%
3445,7;-1,3%
3446,2;-1,2%
3446,7;-1,2%
3447,1;-1,2%
3447,6;-1,2%
3448,1;-1,2%
3448,6;-1,2%
3449,1;-1,2%
3449,5;-1,2%
3450,0;-1,2%
3450,5;-1,3%
3451,0;-1,3%
3451,5;-1,3%
3452,0;-1,3%
3452,4;-1,3%
3452,9;-1,3%
3453,4;-1,3%
3453,9;-1,3%
3454,4;-1,3%
3454,8;-1,3%
3455,3;-1,3%
3455,8;-1,3%
3456,3;-1,3%
3456,8;-1,3%
3457,3;-1,3%
3457,7;-1,3%
3458,2;-1,3%
3458,7;-1,3%
3459,2;-1,3%
3459,7;-1,3%
3460,2;-1,3%
3460,6;-1,3%
3461,1;-1,3%
3461,6;-1,3%
3462,1;-1,3%
3462,6;-1,3%
3463,0;-1,3%
3463,5;-1,3%
3464,0;-1,3%
3464,5;-1,3%
3465,0;-1,3%
3465,5;-1,3%
3465,9;-1,3%
3466,4;-1,3%
3466,9;-1,3%
3467,4;-1,3%
3467,9;-1,3%
3468,3;-1,3%
3468,8;-1,3%
3469,3;-1,3%
3469,8;-1,3%
3470,3;-1,3%
3470,8;-1,3%
3471,2;-1,3%
3471,7;-1,3%
3472,2;-1,3%
3472,7;-1,3%
3473,2;-1,3%
3473,7;-1,3%
3474,1;-1,3%
3474,6;-1,3%
3475,1;-1,3%
3475,6;-1,3%
3476,1;-1,3%
3476,5;-1,3%
3477,0;-1,3%
3477,5;-1,3%
3478,0;-1,3%
3478,5;-1,3%
3479,0;-1,3%
3479,4;-1,3%
3479,9;-1,3%
3480,4;-1,3%
3480,9;-1,3%
3481,4;-1,3%
3481,8;-1,3%
3482,3;-1,3%
3482,8;-1,3%
3483,3;-1,3%
3483,8;-1,3%
3484,3;-1,3%
3484,7;-1,3%
3485,2;-1,3%
3485,7;-1,3%
3486,2;-1,3%
3486,7;-1,3%
3487,2;-1,3%
3487,6;-1,3%
3488,1;-1,3%
3488,6;-1,3%
3489,1;-1,3%
3489,6;-1,3%
3490,0;-1,3%
3490,5;-1,3%
3491,0;-1,3%
3491,5;-1,3%
3492,0;-1,3%
3492,5;-1,3%
3492,9;-1,3%
3493,4;-1,3%
3493,9;-1,3%
3494,4;-1,3%
3494,9;-1,3%
3495,3;-1,3%
3495,8;-1,3%
3496,3;-1,3%
3496,8;-1,3%
3497,3;-1,3%
3497,8;-1,3%
3498,2;-1,4%
3498,7;-1,4%
3499,2;-1,4%
3499,7;-1,4%
3500,2;-1,4%
3500,7;-1,4%
3501,1;-1,3%
3501,6;-1,3%
3502,1;-1,3%
3502,6;-1,3%
3503,1;-1,3%
3503,5;-1,3%
3504,0;-1,3%
3504,5;-1,3%
3505,0;-1,3%
3505,5;-1,3%
3506,0;-1,3%
3506,4;-1,3%
3506,9;-1,3%
3507,4;-1,3%
3507,9;-1,3%
3508,4;-1,3%
3508,8;-1,3%
3509,3;-1,3%
3509,8;-1,3%
3510,3;-1,3%
3510,8;-1,3%
3511,3;-1,3%
3511,7;-1,3%
3512,2;-1,3%
3512,7;-1,3%
3513,2;-1,3%
3513,7;-1,3%
3514,1;-1,3%
3514,6;-1,3%
3515,1;-1,4%
3515,6;-1,4%
3516,1;-1,4%
3516,6;-1,4%
3517,0;-1,4%
3517,5;-1,4%
3518,0;-1,4%
3518,5;-1,4%
3519,0;-1,4%
3519,5;-1,4%
3519,9;-1,4%
3520,4;-1,4%
3520,9;-1,4%
3521,4;-1,4%
3521,9;-1,3%
3522,3;-1,3%
3522,8;-1,3%
3523,3;-1,3%
3523,8;-1,3%
3524,3;-1,3%
3524,8;-1,3%
3525,2;-1,3%
3525,7;-1,3%
3526,2;-1,3%
3526,7;-1,3%
3527,2;-1,3%
3527,6;-1,3%
3528,1;-1,3%
3528,6;-1,3%
3529,1;-1,3%
3529,6;-1,3%
3530,1;-1,3%
3530,5;-1,3%
3531,0;-1,3%
3531,5;-1,3%
3532,0;-1,3%
3532,5;-1,3%
3533,0;-1,3%
3533,4;-1,4%
3533,9;-1,3%
3534,4;-1,3%
3534,9;-1,3%
3535,4;-1,3%
3535,8;-1,3%
3536,3;-1,3%
3536,8;-1,3%
3537,3;-1,3%
3537,8;-1,3%
3538,3;-1,3%
3538,7;-1,3%
3539,2;-1,3%
3539,7;-1,4%
3540,2;-1,4%
3540,7;-1,4%
3541,1;-1,4%
3541,6;-1,4%
3542,1;-1,4%
3542,6;-1,4%
3543,1;-1,4%
3543,6;-1,4%
3544,0;-1,4%
3544,5;-1,3%
3545,0;-1,3%
3545,5;-1,3%
3546,0;-1,3%
3546,5;-1,3%
3546,9;-1,3%
3547,4;-1,3%
3547,9;-1,3%
3548,4;-1,3%
3548,9;-1,4%
3549,3;-1,4%
3549,8;-1,4%
3550,3;-1,4%
3550,8;-1,4%
3551,3;-1,3%
3551,8;-1,3%
3552,2;-1,3%
3552,7;-1,3%
3553,2;-1,3%
3553,7;-1,3%
3554,2;-1,3%
3554,6;-1,3%
3555,1;-1,4%
3555,6;-1,4%
3556,1;-1,4%
3556,6;-1,4%
3557,1;-1,4%
3557,5;-1,4%
3558,0;-1,4%
3558,5;-1,4%
3559,0;-1,4%
3559,5;-1,4%
3560,0;-1,4%
3560,4;-1,4%
3560,9;-1,4%
3561,4;-1,4%
3561,9;-1,5%
3562,4;-1,5%
3562,8;-1,5%
3563,3;-1,5%
3563,8;-1,5%
3564,3;-1,5%
3564,8;-1,4%
3565,3;-1,4%
3565,7;-1,3%
3566,2;-1,2%
3566,7;-1,2%
3567,2;-1,1%
3567,7;-1,1%
3568,1;-1,2%
3568,6;-1,2%
3569,1;-1,2%
3569,6;-1,3%
3570,1;-1,3%
3570,6;-1,3%
3571,0;-1,4%
3571,5;-1,4%
3572,0;-1,4%
3572,5;-1,3%
3573,0;-1,3%
3573,5;-1,3%
3573,9;-1,3%
3574,4;-1,3%
3574,9;-1,3%
3575,4;-1,3%
3575,9;-1,3%
3576,3;-1,3%
3576,8;-1,3%
3577,3;-1,3%
3577,8;-1,3%
3578,3;-1,3%
3578,8;-1,3%
3579,2;-1,3%
3579,7;-1,3%
3580,2;-1,3%
3580,7;-1,3%
3581,2;-1,4%
3581,6;-1,4%
3582,1;-1,4%
3582,6;-1,5%
3583,1;-1,5%
3583,6;-1,5%
3584,1;-1,5%
3584,5;-1,5%
3585,0;-1,5%
3585,5;-1,4%
3586,0;-1,3%
3586,5;-1,2%
3586,9;-1,2%
3587,4;-1,2%
3587,9;-1,2%
3588,4;-1,2%
3588,9;-1,2%
3589,4;-1,3%
3589,8;-1,3%
3590,3;-1,4%
3590,8;-1,4%
3591,3;-1,4%
3591,8;-1,4%
3592,3;-1,4%
3592,7;-1,4%
3593,2;-1,3%
3593,7;-1,3%
3594,2;-1,3%
3594,7;-1,3%
3595,1;-1,3%
3595,6;-1,3%
3596,1;-1,3%
3596,6;-1,3%
3597,1;-1,3%
3597,6;-1,3%
3598,0;-1,3%
3598,5;-1,3%
3599,0;-1,3%
3599,5;-1,3%
3600,0;-1,3%
3600,4;-1,3%
3600,9;-1,3%
3601,4;-1,3%
3601,9;-1,3%
3602,4;-1,3%
3602,9;-1,4%
3603,3;-1,4%
3603,8;-1,4%
3604,3;-1,4%
3604,8;-1,4%
3605,3;-1,4%
3605,8;-1,4%
3606,2;-1,4%
3606,7;-1,3%
3607,2;-1,3%
3607,7;-1,3%
3608,2;-1,3%
3608,6;-1,3%
3609,1;-1,3%
3609,6;-1,3%
3610,1;-1,3%
3610,6;-1,3%
3611,1;-1,3%
3611,5;-1,3%
3612,0;-1,3%
3612,5;-1,3%
3613,0;-1,3%
3613,5;-1,3%
3613,9;-1,3%
3614,4;-1,4%
3614,9;-1,4%
3615,4;-1,4%
3615,9;-1,5%
3616,4;-1,4%
3616,8;-1,4%
3617,3;-1,3%
3617,8;-1,3%
3618,3;-1,2%
3618,8;-1,2%
3619,3;-1,1%
3619,7;-1,1%
3620,2;-1,2%
3620,7;-1,2%
3621,2;-1,3%
3621,7;-1,3%
3622,1;-1,4%
3622,6;-1,4%
3623,1;-1,5%
3623,6;-1,5%
3624,1;-1,6%
3624,6;-1,6%
3625,0;-1,7%
3625,5;-1,7%
3626,0;-1,6%
3626,5;-1,6%
3627,0;-1,5%
3627,4;-1,3%
3627,9;-1,2%
3628,4;-1,1%
3628,9;-1,0%
3629,4;-1,1%
3629,9;-1,1%
3630,3;-1,2%
3630,8;-1,2%
3631,3;-1,3%
3631,8;-1,3%
3632,3;-1,3%
3632,8;-1,3%
3633,2;-1,3%
3633,7;-1,3%
3634,2;-1,3%
3634,7;-1,3%
3635,2;-1,4%
3635,6;-1,4%
3636,1;-1,4%
3636,6;-1,4%
3637,1;-1,4%
3637,6;-1,4%
3638,1;-1,4%
3638,5;-1,4%
3639,0;-1,4%
3639,5;-1,4%
3640,0;-1,4%
3640,5;-1,4%
3640,9;-1,4%
3641,4;-1,4%
3641,9;-1,5%
3642,4;-1,5%
3642,9;-1,5%
3643,4;-1,6%
3643,8;-1,6%
3644,3;-1,7%
3644,8;-1,7%
3645,3;-1,7%
3645,8;-1,6%
3646,2;-1,6%
3646,7;-1,5%
3647,2;-1,4%
3647,7;-1,3%
3648,2;-1,2%
3648,7;-1,1%
3649,1;-1,0%
3649,6;-1,0%
3650,1;-1,0%
3650,6;-1,0%
3651,1;-1,1%
3651,6;-1,2%
3652,0;-1,3%
3652,5;-1,4%
3653,0;-1,4%
3653,5;-1,4%
3654,0;-1,4%
3654,4;-1,4%
3654,9;-1,3%
3655,4;-1,3%
3655,9;-1,2%
3656,4;-1,2%
3656,9;-1,2%
3657,3;-1,3%
3657,8;-1,3%
3658,3;-1,3%
3658,8;-1,3%
3659,3;-1,4%
3659,7;-1,4%
3660,2;-1,4%
3660,7;-1,4%
3661,2;-1,4%
3661,7;-1,4%
3662,2;-1,4%
3662,6;-1,4%
3663,1;-1,4%
3663,6;-1,4%
3664,1;-1,5%
3664,6;-1,5%
3665,1;-1,6%
3665,5;-1,6%
3666,0;-1,6%
3666,5;-1,6%
3667,0;-1,6%
3667,5;-1,6%
3667,9;-1,5%
3668,4;-1,4%
3668,9;-1,3%
3669,4;-1,3%
3669,9;-1,3%
3670,4;-1,3%
3670,8;-1,4%
3671,3;-1,5%
3671,8;-1,5%
3672,3;-1,6%
3672,8;-1,6%
3673,2;-1,5%
3673,7;-1,4%
3674,2;-1,2%
3674,7;-1,1%
3675,2;-1,0%
3675,7;-1,0%
3676,1;-1,0%
3676,6;-1,1%
3677,1;-1,1%
3677,6;-1,2%
3678,1;-1,2%
3678,6;-1,3%
3679,0;-1,3%
3679,5;-1,3%
3680,0;-1,3%
3680,5;-1,4%
3681,0;-1,4%
3681,4;-1,4%
3681,9;-1,4%
3682,4;-1,5%
3682,9;-1,5%
3683,4;-1,5%
3683,9;-1,6%
3684,3;-1,6%
3684,8;-1,6%
3685,3;-1,6%
3685,8;-1,6%
3686,3;-1,6%
3686,7;-1,5%
3687,2;-1,5%
3687,7;-1,4%
3688,2;-1,3%
3688,7;-1,2%
3689,2;-1,2%
3689,6;-1,1%
3690,1;-1,1%
3690,6;-1,1%
3691,1;-1,2%
3691,6;-1,2%
3692,1;-1,3%
3692,5;-1,3%
3693,0;-1,3%
3693,5;-1,4%
3694,0;-1,4%
3694,5;-1,4%
3694,9;-1,4%
3695,4;-1,4%
3695,9;-1,4%
3696,4;-1,4%
3696,9;-1,4%
3697,4;-1,5%
3697,8;-1,5%
3698,3;-1,5%
3698,8;-1,5%
3699,3;-1,5%
3699,8;-1,4%
3700,2;-1,4%
3700,7;-1,3%
3701,2;-1,3%
3701,7;-1,3%
3702,2;-1,3%
3702,7;-1,3%
3703,1;-1,3%
3703,6;-1,4%
3704,1;-1,4%
3704,6;-1,4%
3705,1;-1,5%
3705,6;-1,5%
3706,0;-1,6%
3706,5;-1,6%
3707,0;-1,6%
3707,5;-1,6%
3708,0;-1,6%
3708,4;-1,5%
3708,9;-1,5%
3709,4;-1,4%
3709,9;-1,3%
3710,4;-1,2%
3710,9;-1,1%
3711,3;-1,1%
3711,8;-1,1%
3712,3;-1,1%
3712,8;-1,1%
3713,3;-1,2%
3713,7;-1,3%
3714,2;-1,3%
3714,7;-1,4%
3715,2;-1,4%
3715,7;-1,4%
3716,2;-1,4%
3716,6;-1,4%
3717,1;-1,4%
3717,6;-1,5%
3718,1;-1,5%
3718,6;-1,5%
3719,0;-1,5%
3719,5;-1,5%
3720,0;-1,4%
3720,5;-1,4%
3721,0;-1,4%
3721,5;-1,4%
3721,9;-1,4%
3722,4;-1,4%
3722,9;-1,4%
3723,4;-1,4%
3723,9;-1,3%
3724,4;-1,3%
3724,8;-1,3%
3725,3;-1,3%
3725,8;-1,3%
3726,3;-1,3%
3726,8;-1,4%
3727,2;-1,4%
3727,7;-1,5%
3728,2;-1,5%
3728,7;-1,6%
3729,2;-1,6%
3729,7;-1,7%
3730,1;-1,7%
3730,6;-1,6%
3731,1;-1,6%
3731,6;-1,6%
3732,1;-1,6%
3732,5;-1,5%
3733,0;-1,4%
3733,5;-1,4%
3734,0;-1,3%
3734,5;-1,2%
3735,0;-1,1%
3735,4;-1,1%
3735,9;-1,1%
3736,4;-1,1%
3736,9;-1,2%
3737,4;-1,2%
3737,9;-1,3%
3738,3;-1,4%
3738,8;-1,4%
3739,3;-1,5%
3739,8;-1,6%
3740,3;-1,6%
3740,7;-1,7%
3741,2;-1,7%
3741,7;-1,7%
3742,2;-1,6%
3742,7;-1,5%
3743,2;-1,3%
3743,6;-1,2%
3744,1;-1,2%
3744,6;-1,2%
3745,1;-1,3%
3745,6;-1,4%
3746,0;-1,5%
3746,5;-1,5%
3747,0;-1,6%
3747,5;-1,6%
3748,0;-1,6%
3748,5;-1,5%
3748,9;-1,4%
3749,4;-1,3%
3749,9;-1,2%
3750,4;-1,1%
3750,9;-1,1%
3751,4;-1,1%
3751,8;-1,1%
3752,3;-1,1%
3752,8;-1,2%
3753,3;-1,3%
3753,8;-1,3%
3754,2;-1,4%
3754,7;-1,4%
3755,2;-1,5%
3755,7;-1,5%
3756,2;-1,5%
3756,7;-1,4%
3757,1;-1,4%
3757,6;-1,4%
3758,1;-1,3%
3758,6;-1,3%
3759,1;-1,3%
3759,5;-1,3%
3760,0;-1,3%
3760,5;-1,3%
3761,0;-1,4%
3761,5;-1,4%
3762,0;-1,5%
3762,4;-1,5%
3762,9;-1,5%
3763,4;-1,5%
3763,9;-1,5%
3764,4;-1,4%
3764,9;-1,4%
3765,3;-1,4%
3765,8;-1,4%
3766,3;-1,5%
3766,8;-1,5%
3767,3;-1,4%
3767,7;-1,4%
3768,2;-1,4%
3768,7;-1,3%
3769,2;-1,3%
3769,7;-1,2%
3770,2;-1,2%
3770,6;-1,3%
3771,1;-1,3%
3771,6;-1,3%
3772,1;-1,4%
3772,6;-1,4%
3773,0;-1,4%
3773,5;-1,4%
3774,0;-1,5%
3774,5;-1,5%
3775,0;-1,5%
3775,5;-1,5%
3775,9;-1,5%
3776,4;-1,5%
3776,9;-1,5%
3777,4;-1,4%
3777,9;-1,4%
3778,3;-1,3%
3778,8;-1,3%
3779,3;-1,3%
3779,8;-1,3%
3780,3;-1,3%
3780,8;-1,4%
3781,2;-1,4%
3781,7;-1,4%
3782,2;-1,4%
3782,7;-1,4%
3783,2;-1,4%
3783,7;-1,4%
3784,1;-1,4%
3784,6;-1,4%
3785,1;-1,4%
3785,6;-1,4%
3786,1;-1,4%
3786,5;-1,4%
3787,0;-1,4%
3787,5;-1,4%
3788,0;-1,4%
3788,5;-1,4%
3789,0;-1,4%
3789,4;-1,4%
3789,9;-1,4%
3790,4;-1,4%
3790,9;-1,5%
3791,4;-1,5%
3791,8;-1,5%
3792,3;-1,5%
3792,8;-1,5%
3793,3;-1,5%
3793,8;-1,5%
3794,3;-1,5%
3794,7;-1,5%
3795,2;-1,4%
3795,7;-1,4%
3796,2;-1,4%
3796,7;-1,5%
3797,2;-1,5%
3797,6;-1,5%
3798,1;-1,6%
3798,6;-1,6%
3799,1;-1,5%
3799,6;-1,4%
3800,0;-1,3%
3800,5;-1,2%
3801,0;-1,2%
3801,5;-1,1%
3802,0;-1,2%
3802,5;-1,3%
3802,9;-1,3%
3803,4;-1,4%
3803,9;-1,4%
3804,4;-1,4%
3804,9;-1,4%
3805,3;-1,3%
3805,8;-1,3%
3806,3;-1,2%
3806,8;-1,2%
3807,3;-1,2%
3807,8;-1,2%
3808,2;-1,3%
3808,7;-1,3%
3809,2;-1,4%
3809,7;-1,4%
3810,2;-1,4%
3810,7;-1,5%
3811,1;-1,5%
3811,6;-1,6%
3812,1;-1,6%
3812,6;-1,6%
3813,1;-1,6%
3813,5;-1,5%
3814,0;-1,5%
3814,5;-1,4%
3815,0;-1,3%
3815,5;-1,3%
3816,0;-1,3%
3816,4;-1,4%
3816,9;-1,4%
3817,4;-1,5%
3817,9;-1,5%
3818,4;-1,5%
3818,8;-1,5%
3819,3;-1,4%
3819,8;-1,3%
3820,3;-1,2%
3820,8;-1,1%
3821,3;-1,1%
3821,7;-1,1%
3822,2;-1,2%
3822,7;-1,3%
3823,2;-1,3%
3823,7;-1,4%
3824,2;-1,4%
3824,6;-1,4%
3825,1;-1,4%
3825,6;-1,3%
3826,1;-1,3%
3826,6;-1,3%
3827,0;-1,4%
3827,5;-1,4%
3828,0;-1,4%
3828,5;-1,5%
3829,0;-1,5%
3829,5;-1,5%
3829,9;-1,5%
3830,4;-1,4%
3830,9;-1,4%
3831,4;-1,4%
3831,9;-1,4%
3832,3;-1,4%
3832,8;-1,5%
3833,3;-1,5%
3833,8;-1,5%
3834,3;-1,5%
3834,8;-1,5%
3835,2;-1,5%
3835,7;-1,5%
3836,2;-1,4%
3836,7;-1,4%
3837,2;-1,3%
3837,7;-1,3%
3838,1;-1,2%
3838,6;-1,2%
3839,1;-1,2%
3839,6;-1,2%
3840,1;-1,3%
3840,5;-1,3%
3841,0;-1,3%
3841,5;-1,3%
3842,0;-1,3%
3842,5;-1,3%
3843,0;-1,3%
3843,4;-1,3%
3843,9;-1,3%
3844,4;-1,3%
3844,9;-1,3%
3845,4;-1,4%
3845,8;-1,4%
3846,3;-1,5%
3846,8;-1,5%
3847,3;-1,6%
3847,8;-1,6%
3848,3;-1,7%
3848,7;-1,7%
3849,2;-1,8%
3849,7;-1,8%
3850,2;-1,8%
3850,7;-1,7%
3851,1;-1,6%
3851,6;-1,4%
3852,1;-1,2%
3852,6;-1,0%
3853,1;-0,9%
3853,6;-0,9%
3854,0;-0,9%
3854,5;-1,0%
3855,0;-1,1%
3855,5;-1,2%
3856,0;-1,2%
3856,5;-1,3%
3856,9;-1,3%
3857,4;-1,4%
3857,9;-1,4%
3858,4;-1,5%
3858,9;-1,5%
3859,3;-1,5%
3859,8;-1,5%
3860,3;-1,5%
3860,8;-1,5%
3861,3;-1,5%
3861,8;-1,5%
3862,2;-1,4%
3862,7;-1,4%
3863,2;-1,3%
3863,7;-1,3%
3864,2;-1,3%
3864,6;-1,3%
3865,1;-1,4%
3865,6;-1,4%
3866,1;-1,5%
3866,6;-1,5%
3867,1;-1,5%
3867,5;-1,5%
3868,0;-1,4%
3868,5;-1,3%
3869,0;-1,3%
3869,5;-1,2%
3870,0;-1,2%
3870,4;-1,3%
3870,9;-1,3%
3871,4;-1,3%
3871,9;-1,3%
3872,4;-1,3%
3872,8;-1,3%
3873,3;-1,3%
3873,8;-1,3%
3874,3;-1,3%
3874,8;-1,3%
3875,3;-1,4%
3875,7;-1,4%
3876,2;-1,5%
3876,7;-1,5%
3877,2;-1,6%
3877,7;-1,5%
3878,1;-1,5%
3878,6;-1,5%
3879,1;-1,4%
3879,6;-1,3%
3880,1;-1,3%
3880,6;-1,3%
3881,0;-1,3%
3881,5;-1,4%
3882,0;-1,4%
3882,5;-1,4%
3883,0;-1,4%
3883,5;-1,4%
3883,9;-1,3%
3884,4;-1,2%
3884,9;-1,2%
3885,4;-1,2%
3885,9;-1,2%
3886,3;-1,3%
3886,8;-1,4%
3887,3;-1,4%
3887,8;-1,5%
3888,3;-1,5%
3888,8;-1,5%
3889,2;-1,5%
3889,7;-1,4%
3890,2;-1,4%
3890,7;-1,3%
3891,2;-1,3%
3891,6;-1,2%
3892,1;-1,3%
3892,6;-1,3%
3893,1;-1,3%
3893,6;-1,4%
3894,1;-1,4%
3894,5;-1,5%
3895,0;-1,5%
3895,5;-1,6%
3896,0;-1,6%
3896,5;-1,6%
3897,0;-1,6%
3897,4;-1,6%
3897,9;-1,5%
3898,4;-1,5%
3898,9;-1,5%
3899,4;-1,5%
3899,8;-1,5%
3900,3;-1,4%
3900,8;-1,4%
3901,3;-1,4%
3901,8;-1,3%
3902,3;-1,3%
3902,7;-1,3%
3903,2;-1,2%
3903,7;-1,2%
3904,2;-1,2%
3904,7;-1,2%
3905,1;-1,2%
3905,6;-1,2%
3906,1;-1,3%
3906,6;-1,3%
3907,1;-1,4%
3907,6;-1,4%
3908,0;-1,4%
3908,5;-1,4%
3909,0;-1,4%
3909,5;-1,4%
3910,0;-1,4%
3910,4;-1,4%
3910,9;-1,4%
3911,4;-1,4%
3911,9;-1,5%
3912,4;-1,5%
3912,9;-1,5%
3913,3;-1,5%
3913,8;-1,5%
3914,3;-1,5%
3914,8;-1,5%
3915,3;-1,4%
3915,8;-1,4%
3916,2;-1,4%
3916,7;-1,4%
3917,2;-1,4%
3917,7;-1,3%
3918,2;-1,3%
3918,6;-1,4%
3919,1;-1,4%
3919,6;-1,4%
3920,1;-1,4%
3920,6;-1,4%
3921,1;-1,4%
3921,5;-1,4%
3922,0;-1,4%
3922,5;-1,4%
3923,0;-1,4%
3923,5;-1,4%
3923,9;-1,3%
3924,4;-1,3%
3924,9;-1,4%
3925,4;-1,4%
3925,9;-1,4%
3926,4;-1,4%
3926,8;-1,5%
3927,3;-1,5%
3927,8;-1,5%
3928,3;-1,5%
3928,8;-1,5%
3929,3;-1,4%
3929,7;-1,4%
3930,2;-1,4%
3930,7;-1,4%
3931,2;-1,3%
3931,7;-1,3%
3932,1;-1,3%
3932,6;-1,3%
3933,1;-1,3%
3933,6;-1,3%
3934,1;-1,4%
3934,6;-1,4%
3935,0;-1,4%
3935,5;-1,4%
3936,0;-1,4%
3936,5;-1,4%
3937,0;-1,4%
3937,4;-1,5%
3937,9;-1,5%
3938,4;-1,5%
3938,9;-1,5%
3939,4;-1,5%
3939,9;-1,5%
3940,3;-1,4%
3940,8;-1,4%
3941,3;-1,4%
3941,8;-1,4%
3942,3;-1,4%
3942,8;-1,4%
3943,2;-1,4%
3943,7;-1,4%
3944,2;-1,4%
3944,7;-1,4%
3945,2;-1,5%
3945,6;-1,5%
3946,1;-1,4%
3946,6;-1,4%
3947,1;-1,4%
3947,6;-1,4%
3948,1;-1,4%
3948,5;-1,4%
3949,0;-1,4%
3949,5;-1,4%
3950,0;-1,4%
3950,5;-1,4%
3950,9;-1,4%
3951,4;-1,4%
3951,9;-1,4%
3952,4;-1,4%
3952,9;-1,4%
3953,4;-1,4%
3953,8;-1,4%
3954,3;-1,4%
3954,8;-1,4%
3955,3;-1,4%
3955,8;-1,4%
3956,3;-1,4%
3956,7;-1,5%
3957,2;-1,5%
3957,7;-1,5%
3958,2;-1,5%
3958,7;-1,5%
3959,1;-1,5%
3959,6;-1,5%
3960,1;-1,4%
3960,6;-1,4%
3961,1;-1,4%
3961,6;-1,4%
3962,0;-1,4%
3962,5;-1,4%
3963,0;-1,4%
3963,5;-1,4%
3964,0;-1,4%
3964,4;-1,4%
3964,9;-1,4%
3965,4;-1,4%
3965,9;-1,4%
3966,4;-1,4%
3966,9;-1,4%
3967,3;-1,4%
3967,8;-1,4%
3968,3;-1,4%
3968,8;-1,4%
3969,3;-1,4%
3969,8;-1,4%
3970,2;-1,4%
3970,7;-1,4%
3971,2;-1,4%
3971,7;-1,4%
3972,2;-1,4%
3972,6;-1,4%
3973,1;-1,4%
3973,6;-1,4%
3974,1;-1,4%
3974,6;-1,4%
3975,1;-1,4%
3975,5;-1,4%
3976,0;-1,4%
3976,5;-1,4%
3977,0;-1,4%
3977,5;-1,4%
3977,9;-1,4%
3978,4;-1,4%
3978,9;-1,4%
3979,4;-1,4%
3979,9;-1,4%
3980,4;-1,4%
3980,8;-1,4%
3981,3;-1,4%
3981,8;-1,4%
3982,3;-1,4%
3982,8;-1,4%
3983,2;-1,4%
3983,7;-1,4%
3984,2;-1,4%
3984,7;-1,4%
3985,2;-1,4%
3985,7;-1,4%
3986,1;-1,4%
3986,6;-1,4%
3987,1;-1,4%
3987,6;-1,4%
3988,1;-1,4%
3988,6;-1,4%
3989,0;-1,4%
3989,5;-1,4%
3990,0;-1,4%
3990,5;-1,4%
3991,0;-1,4%
3991,4;-1,4%
3991,9;-1,4%
3992,4;-1,4%
3992,9;-1,4%
3993,4;-1,4%
3993,9;-1,4%
3994,3;-1,4%
3994,8;-1,4%
3995,3;-1,4%
3995,8;-1,4%
3996,3;-1,4%
3996,7;-1,4%
3997,2;-1,4%
3997,7;-1,4%
3998,2;-1,5%
3998,7;-1,5%
3999,2;-1,5%
3999,6;-1,4%
4000,1;-1,4%
